Temperature,Humidity,Wind Speed,Precipitation (%),Atmospheric Pressure,UV Index,Season,Visibility (km),Location,Weather Type
11,96,6,69,990.04,3,0,1,1,2
-22,84,29.5,70,986.24,6,4,2.5,1,3
-6,70,18.5,83,999.96,0,4,3,1,3
24,38,3.5,16,1010.72,5,3,9,1,0
26,98,12,63,1008.53,3,4,2.5,0,2
28,72,8,71,1003.7,1,1,2.5,1,2
10,92,11.5,87,1006,1,4,3.5,0,2
-3,75,13,59,991.97,1,4,1.5,1,3
33,50,11.5,48,1017.08,1,3,6.5,1,1
-17,44,2,80,950.59,6,0,19.5,0,0
-10,95,4,62,984.07,0,4,1.5,1,3
-8,92,15,52,988.11,1,4,5,1,3
28,32,6.5,2,1029.69,8,0,9,2,0
34,76,10.5,34,1012.14,1,4,6,1,1
24,91,21.5,91,1008.4,11,0,3.5,2,2
11,87,8,67,1009.61,2,3,3,0,2
17,76,4,39,1010.02,4,3,6.5,0,1
15,75,6,30,1010.66,2,1,6.5,0,1
23,79,13,82,997.71,1,4,2.5,1,2
22,94,13,97,1000.85,1,0,1,2,2
18,57,4,34,1018.91,1,4,7,1,1
12,79,6.5,80,1008.27,0,1,1,2,2
30,76,10,41,1005.59,3,1,5.5,2,1
27,60,9.5,24,1014.49,2,1,6,1,1
3,89,35,71,983.96,2,4,2.5,2,3
-1,92,9.5,76,986.17,0,4,4,2,3
42,38,0.5,18,1024.63,10,1,6.5,0,0
39,52,2,8,1012.3,11,3,6.5,1,0
21,32,1.5,17,1025.71,6,4,10,0,0
36,50,9.5,8,1016.4,8,1,5,1,0
19,93,10.5,62,1005.84,2,3,1,1,2
-6,67,16.5,92,991.21,1,4,4,1,3
7,85,46,87,980.92,9,4,5.5,1,3
-8,93,4.5,70,989.96,1,4,3.5,1,3
-1,76,11,76,986.56,0,4,2,1,3
32,83,9,55,1004.79,0,0,4,1,2
28,71,9,66,1007.58,1,0,2,1,2
28,58,0,38,1016.48,2,3,5.5,2,1
17,89,17.5,89,1001.82,1,0,4.5,0,2
32,59,0.5,18,1016.89,2,0,7,1,1
36,65,9.5,3,1014.85,11,3,7.5,0,0
12,95,15,80,996.32,3,4,3.5,1,2
16,71,9.5,17,1014.68,4,1,6,0,1
8,90,1.5,70,1011.19,10,0,7.5,2,1
14,97,8.5,89,1016.67,3,3,2.5,2,2
25,76,8,25,1015.26,1,0,8.5,0,1
34,63,13.5,89,992.12,1,4,3,0,2
11,50,5.5,28,1005.71,1,0,8,0,1
-2,77,16,89,997.1,0,4,4,2,3
32,78,9.5,15,1005.07,4,0,7,2,1
62,105,14.5,84,991.01,1,3,3.5,0,2
-2,65,4.5,62,993.09,0,4,3,1,3
24,46,5,19,1019.24,10,1,6,2,0
26,24,5.5,4,1019.73,10,4,9.5,2,0
70,103,5.5,93,1027.51,1,4,2.5,1,0
33,48,3,13,1011.74,11,1,9.5,0,0
34,36,3,2,1023.66,9,0,9,0,0
26,58,9,32,1000.51,3,4,8,1,1
38,39,9.5,11,1021.81,11,1,9,0,0
6,76,12,32,976.45,7,1,3,0,1
40,54,5.5,1,1012.63,10,0,10,2,0
59,81,15,82,1019.34,12,0,1,0,0
32,49,11.5,15,1003.31,4,1,12,2,2
35,44,2.5,9,1022.87,11,0,5.5,0,0
-14,105,30.5,74,981.24,2,4,1.5,2,3
-7,67,1,96,981.04,0,4,3.5,1,3
10,80,14,76,1004.96,3,4,2.5,0,2
37,66,6,11,1029.68,9,3,10,1,0
4,91,17.5,83,986.17,1,4,1,2,3
31,75,8,80,1026.17,9,1,8,2,0
30,60,1,41,1012.67,3,0,8.5,0,1
29,25,6.5,14,1012.12,5,3,7,0,0
12,65,6.5,99,996.32,3,3,4,1,2
18,73,11.5,12,1006.46,1,0,7.5,1,1
23,38,4.5,6,1021.19,9,3,10,1,0
3,87,10,87,998.29,0,4,1,1,3
27,68,14,97,1014.56,0,0,2.5,2,2
19,99,8.5,99,1004.36,7,0,5.5,2,1
21,56,6.5,1,1021.27,7,1,9.5,1,0
28,70,11,86,1014.57,0,0,3,0,2
-14,56,14,71,982.96,1,4,8.5,0,1
18,51,8,24,1009.25,4,3,8.5,0,1
34,61,5,13,1023.75,10,4,7,1,0
12,64,18,52,1014.42,1,3,3,1,2
27,75,5,19,1012.9,2,4,5.5,0,1
34,31,0.5,10,1013.2,8,1,7.5,1,0
29,55,7,20,1019.91,4,0,5.5,1,1
-2,104,19,108,994.16,13,4,6,1,3
12,66,14.5,17,1015.34,1,1,5,2,1
54,83,20.5,81,1014.34,0,3,6,2,0
26,73,5,25,1013.91,4,4,5.5,2,1
-10,30,2.5,65,1104.06,8,3,16.5,1,0
11,74,20,84,1002.36,2,3,3.5,0,2
51,95,11,87,1016.52,9,0,8,0,0
1,62,12,77,1167.59,13,3,16.5,0,2
1,45,4.5,36,1033.81,10,3,2.5,2,1
1,80,2.5,95,991.59,0,4,1.5,2,3
-12,73,10.5,18,968.94,8,1,17,0,3
31,60,9.5,26,1005.45,4,4,9,2,1
13,61,13.5,78,997.05,0,0,3.5,0,2
31,56,1.5,15,1007.09,2,0,7.5,1,1
26,79,20,67,994,2,0,3,1,2
16,93,12.5,97,1018.86,2,3,1,0,2
11,69,10,11,1007.27,3,4,8.5,2,1
41,30,5,0,1025.87,11,4,6.5,1,0
2,60,3,70,994.19,0,4,2,2,3
31,63,7.5,9,1020.02,8,1,6.5,2,0
33,40,9.5,9,1013.86,6,1,8.5,0,0
17,70,12,31,1006.41,4,0,5.5,0,1
47,106,5.5,104,1027.75,12,3,4,0,0
23,39,4.5,9,1020,6,4,9.5,2,0
28,25,5.5,78,1163.29,4,1,12,0,3
40,83,26.5,108,1000.36,14,3,1.5,1,2
33,65,6,3,1027.54,7,0,5.5,2,0
10,77,8,75,1005.19,5,3,2,0,2
16,83,11.5,91,1007.83,2,3,1.5,0,2
2,82,18.5,73,992.97,0,4,3.5,1,3
18,74,0.5,39,1007.53,1,3,8.5,2,1
36,47,4.5,37,1087.2,5,1,13.5,1,2
30,55,4,10,1012.26,8,1,8,0,0
32,35,2.5,63,1160.48,2,4,0,0,0
4,93,17,50,980.67,0,4,3.5,1,3
35,52,0.5,13,1012.64,6,1,8.5,0,0
2,83,16,68,991.77,0,4,3,2,3
37,38,13.5,93,1056.1,10,0,2.5,0,3
32,85,13,85,1007.23,1,1,4.5,0,2
2,108,16.5,80,998.62,10,4,1.5,2,3
1,70,11.5,64,996.82,1,4,3,1,3
30,86,11,63,1016.4,1,0,5,1,2
41,92,23.5,73,1002.41,14,1,11,0,1
40,25,1.5,16,1020.02,5,0,9,1,0
-4,90,10,62,995.39,1,4,5,2,3
21,76,2,35,1010.1,4,1,8.5,0,1
10,44,2,70,1019.65,4,4,13.5,2,1
43,46,1,9,1014.23,5,3,5.5,2,0
-15,93,3,89,990.19,14,4,3.5,2,3
11,55,5,11,1019.15,2,3,7,2,1
25,87,12,80,1016.87,2,0,1.5,2,2
-15,79,13.5,36,1161.73,4,3,8.5,0,0
-10,66,19.5,83,981.96,0,4,3,1,3
13,79,13.5,35,1010.21,3,1,7,2,1
0,69,6,98,997.78,0,4,4.5,1,3
40,48,0.5,12,1016.47,11,1,6.5,1,0
2,66,5,77,980.26,1,4,3,2,3
21,66,8,52,1003.77,0,1,2,1,2
20,57,8,7,1022.77,9,4,8.5,0,0
-5,76,11,86,984.05,1,4,2.5,2,3
34,52,4.5,29,1014.19,1,1,5.5,1,1
0,84,12,97,998.65,0,4,1,2,3
41,52,3,18,1029.47,10,1,7.5,1,0
12,52,14.5,74,941.05,14,0,16.5,1,0
-5,77,6,63,985.51,0,4,4.5,1,3
23,74,11.5,109,1019.8,14,1,1.5,0,2
6,74,1.5,69,1164.08,14,0,7.5,2,0
-4,108,21,83,986.62,0,4,1.5,1,3
-1,31,8,43,861.2,0,4,4,2,0
-5,82,6.5,56,990.61,1,4,4.5,2,3
33,68,10.5,10,1016.84,1,4,7.5,0,1
17,69,2,35,1009.83,1,0,8.5,0,1
20,78,5.5,63,1006.51,3,4,4,1,2
17,95,10,93,1016.29,3,0,3.5,1,2
18,78,14.5,12,1011.45,4,4,6.5,1,1
-2,90,4.5,92,989.3,0,4,4,1,3
33,26,6.5,5,1029.26,7,1,9.5,0,0
29,86,6.5,54,1003.15,3,3,2.5,2,2
24,75,16,93,1006.33,3,1,3,1,2
18,69,12,28,1004.65,1,4,7.5,2,1
-2,91,8,78,998.92,1,4,4,2,3
25,75,11,72,1000.69,1,0,3,1,2
9,106,5,107,1007.51,6,3,3.5,1,1
41,61,0,9,1025.18,8,0,5.5,2,0
13,75,14,81,1010.22,3,1,2.5,0,2
28,65,13.5,48,1013.19,4,1,5.5,2,1
61,87,29,101,1002.36,12,4,1,1,2
-4,89,12.5,73,983.3,1,4,4,1,3
26,51,13.5,37,1003.62,2,3,6,0,1
46,53,5.5,30,1126.78,7,1,16,2,3
3,63,15,52,988.89,0,4,3,1,3
-2,101,12,75,989.34,8,4,3.5,1,3
67,94,23,80,998.45,13,3,1,1,2
13,52,14.5,10,1012.87,3,3,7.5,0,1
24,88,11,107,1004.99,10,1,5.5,1,2
31,88,8.5,82,1019.85,0,3,3.5,0,2
15,66,8,59,1006.99,2,3,5,1,2
35,63,6,10,1015.73,5,0,8,1,0
12,79,10.5,31,1008.14,1,3,6.5,0,1
2,70,17,96,992.06,0,4,4.5,1,3
-7,90,0.5,90,985.69,0,4,1,1,3
37,28,7.5,8,1010.92,7,0,7,1,0
23,83,10.5,86,992.7,2,3,3.5,0,2
-11,109,31.5,95,994.98,14,4,1,2,3
31,79,8,29,1019.5,1,0,9,2,1
40,24,6,7,1013.38,10,3,6.5,1,0
-8,69,4,73,984.95,0,4,3.5,2,3
32,23,5.5,73,1137.23,8,4,6,1,0
-8,87,14.5,90,982.07,0,4,4.5,2,3
-2,80,11.5,94,985.77,1,4,2.5,1,3
34,68,14,98,1079.72,11,3,2,0,2
35,48,8.5,17,1018.37,8,4,9.5,1,0
-1,97,11,59,998.05,0,4,3.5,2,3
27,89,12,99,995.58,0,1,1.5,1,2
42,57,0,0,1023.56,8,0,5.5,1,0
17,86,5.5,80,1016.08,0,4,4,2,2
21,70,11.5,13,1014.69,3,0,8.5,2,1
6,89,32,103,995.62,0,4,2,1,3
3,89,19,67,995.64,0,4,5,1,3
32,51,9,10,1018.04,1,0,9,1,1
22,58,13.5,20,1003.77,3,4,7.5,2,1
3,93,12.5,99,999.62,0,4,1,1,3
33,59,5.5,2,1023.55,6,4,7,1,0
12,77,8,19,1017.4,3,0,8.5,2,1
33,51,0.5,27,1009.18,3,3,5.5,0,1
20,20,5.5,15,1022.42,7,1,10,1,0
45,95,3,107,1013.55,1,0,8,0,1
-9,83,3,89,983.82,1,4,3.5,2,3
33,63,10,39,1003.66,4,3,8,0,1
17,67,10.5,77,991.22,0,3,4.5,1,2
25,30,2.5,12,1021.61,9,0,6,0,0
23,57,12.5,21,1008.93,2,3,8,2,1
0,85,7.5,90,981.08,12,4,4.5,2,3
33,74,19,51,992.54,2,1,2,0,2
29,48,5.5,13,1020.36,9,0,6.5,2,0
34,61,5.5,19,1013.71,10,1,9.5,2,0
32,96,6.5,63,1014.93,2,0,2.5,1,2
-8,61,2,80,998.46,0,4,1,2,3
14,72,19,52,1012.03,3,0,2.5,0,2
32,60,3.5,43,1005.35,6,3,17,2,0
26,79,9.5,14,1010.91,2,1,6.5,1,1
44,34,7,15,1012.12,10,0,9.5,0,0
2,68,7,52,984.66,0,4,4,1,3
10,65,14,49,1015.78,3,0,8.5,1,1
25,107,9.5,92,1008.47,11,1,4.5,2,2
-2,67,3,80,990.02,1,4,5,2,3
22,50,0.5,6,1025.16,8,1,5.5,0,0
20,60,16,80,1012.65,1,4,1,2,2
-3,99,6.5,63,984.05,1,4,3.5,1,3
32,65,8,86,1011.58,0,1,1.5,2,2
32,68,6,1,1016.28,10,0,9.5,2,0
19,56,8.5,38,1011.34,2,1,7,2,1
-1,108,22,106,996.16,12,4,2.5,2,3
40,37,4.5,12,1016.25,6,0,6,1,0
31,52,12.5,17,1019.17,2,4,5.5,0,1
38,68,8.5,16,1013.57,5,0,5.5,2,0
-1,79,0.5,60,990.46,1,4,3.5,2,3
42,43,2,6,1023.39,5,4,6.5,1,0
29,27,6,12,1014.81,11,1,8,0,0
0,79,9,92,996.34,2,4,4.5,1,3
16,57,4.5,46,1009.77,4,0,5,1,1
31,66,6.5,17,1019.19,10,4,8,2,0
27,75,2,21,1003.88,2,0,7.5,1,1
41,60,1,16,1014.72,6,4,5,0,0
-2,74,18.5,95,980.67,1,4,2.5,2,3
16,96,19,57,1003.05,0,0,4.5,1,2
19,71,35,76,998.78,6,0,1,1,2
31,72,17,96,1013.85,13,4,3.5,1,1
22,87,9.5,52,996.79,2,1,4,1,2
44,69,2,9,1014.44,9,0,8.5,0,0
36,78,13.5,35,889.47,6,1,8.5,1,0
16,64,12,16,1008.27,2,0,6.5,0,1
22,65,0,14,1027.39,9,4,5.5,2,0
40,98,25,96,1001.9,7,3,2.5,0,2
-7,75,4,84,992.95,1,4,2.5,2,3
15,67,11,34,1019.55,1,3,6,2,1
17,77,11.5,80,1003.67,2,4,1,0,2
26,72,9,39,1019.45,3,1,7,1,1
18,69,0.5,20,1004.24,4,0,5.5,2,1
32,71,19,92,1003.24,3,1,2.5,2,2
18,53,8.5,68,919.56,4,1,6.5,2,0
41,38,1.5,8,1028.58,8,4,9.5,1,0
19,72,7,57,1001.28,0,0,3.5,2,2
38,37,9.5,87,987.84,8,1,8.5,2,2
-7,61,10.5,62,998.17,1,4,4.5,2,3
2,86,14.5,81,985.58,0,4,4.5,2,3
-4,92,18.5,70,982.16,0,4,4,1,3
31,55,7,19,1010.79,8,1,10,2,0
34,67,2,18,1012.39,1,4,7.5,2,1
6,105,26,88,993.88,5,4,4.5,1,3
34,63,9,17,1012.59,5,4,9,0,0
-5,96,2,93,991.2,1,4,3,1,3
46,73,10.5,93,1003.11,13,3,9.5,0,1
1,64,1,95,991.15,0,4,3.5,2,3
29,71,10.5,45,1003.09,3,0,5.5,2,1
37,51,9.5,18,1019.89,5,4,7.5,0,0
42,85,37,100,1007.39,11,1,2.5,2,2
17,79,2.5,28,1013.61,2,0,7,2,1
16,68,11,82,990.52,0,1,2,0,2
42,75,8,77,1010.43,11,0,1,1,1
19,82,10,53,1007.78,1,0,4,2,2
-19,80,15,76,999.84,2,4,3.5,1,3
-19,75,1,72,988.25,10,4,2,1,3
14,94,15,73,1010.84,1,3,3.5,2,2
32,59,3,7,1023.05,6,1,10,2,0
35,58,3,19,1015.4,5,4,5,2,0
34,75,6,16,1001.93,4,0,7.5,2,1
30,52,4,49,1017.81,2,3,6,1,1
19,33,14,18,1091.81,6,4,10.5,2,1
66,75,10.5,83,1014.82,2,0,5,0,1
21,77,10.5,19,1002.73,2,0,6,0,1
32,88,5.5,97,1005.66,1,0,2,2,2
29,55,1,38,1003.99,4,1,7,0,1
19,87,14,78,1017.07,3,0,3,0,2
23,75,19.5,91,1011.15,1,3,2.5,2,2
-4,91,7.5,66,986.45,1,4,2,2,3
27,59,2,6,1024.88,10,1,6,2,0
-2,91,0.5,81,994.24,0,4,3.5,2,3
34,47,1,4,1018.05,9,4,5.5,2,0
31,42,5.5,12,1017.8,6,4,5.5,1,0
20,75,5,82,1013.61,6,3,7,0,0
18,108,15.5,108,1006.5,5,4,7,1,1
33,45,3.5,6,1011.39,6,4,9.5,0,0
47,78,11.5,48,869.5,0,0,17,0,0
32,72,6,27,1016.73,3,0,9,0,1
15,59,1,32,1019.56,1,0,8.5,1,1
-4,69,14.5,37,1174.37,1,0,19,0,2
33,105,0.5,87,1010.88,4,3,3,0,0
42,39,7.5,17,1029.23,5,0,9.5,1,0
23,25,2.5,12,1012.08,8,0,6.5,1,0
1,61,7.5,65,839.07,0,3,14.5,0,2
20,51,12.5,45,1019.45,2,4,6,2,1
17,73,7,45,1018.89,2,1,5.5,1,1
12,67,6,29,1006.24,2,1,6,0,1
11,55,0.5,16,1016.35,4,0,6.5,1,1
13,61,12.5,93,1008.84,0,1,5,0,2
1,64,6.5,72,992.48,1,4,2.5,1,3
35,21,10,6,1026.81,5,3,7.5,0,0
11,72,11.5,13,1193.75,4,1,1,2,0
26,88,18.5,81,992.92,3,4,4.5,1,2
10,57,13,34,1012.71,2,0,5,0,1
23,88,11.5,65,1000.74,1,4,5,2,2
12,68,5.5,12,1003.4,3,4,8,1,1
46,49,7.5,21,981.14,2,4,9,0,2
23,94,17,79,1008.79,13,3,9.5,1,1
25,65,0,16,1019.39,5,4,9,0,0
17,66,6.5,21,1014.07,4,1,5.5,2,1
64,95,25,108,1002.57,5,3,5.5,2,1
25,99,20.5,84,1005.78,12,3,3,1,1
13,63,2.5,43,1016.59,3,4,6.5,2,1
32,93,15,51,1010.4,0,3,3,0,2
58,104,9,100,1022.24,7,4,5.5,1,0
44,58,8,10,1023.52,11,1,6.5,2,0
20,102,15,83,1015.89,10,0,6.5,1,1
8,27,1.5,15,866.73,0,4,13.5,2,1
-2,86,1.5,88,988.84,0,4,2,1,3
26,69,5.5,46,1008.66,2,1,9,2,1
15,73,4.5,31,1010.84,3,0,6.5,1,1
38,45,7,19,1020.65,11,3,8.5,2,0
60,96,16.5,86,1015.03,10,4,11,0,0
27,56,1.5,15,1014.49,3,4,7,0,1
17,67,0.5,34,1015.1,1,4,8,1,1
30,64,13,26,1017.92,1,0,8,2,1
2,64,7.5,87,990.1,0,4,2,2,3
-1,61,13,69,980.53,1,4,2,2,3
-5,79,6.5,89,999.7,1,4,2,1,3
26,67,10,27,1002.53,4,1,6.5,1,1
42,42,6,10,1019.78,7,3,6,0,0
-9,60,17,75,997.57,0,4,4.5,1,3
-7,85,1,76,989.97,1,4,3,1,3
22,72,10.5,44,1011.05,4,4,7.5,1,1
44,65,1,16,1014.97,10,4,5.5,2,0
3,87,7.5,77,990.74,0,4,1.5,2,3
21,65,18.5,89,999.43,0,0,4.5,0,2
17,68,18,82,1009.65,0,3,3,1,2
39,94,15.5,94,1010.92,5,3,1.5,2,2
71,91,5.5,80,1024.69,7,1,4,0,0
21,70,13,84,999.55,0,1,2.5,1,2
23,76,7,11,1013.49,3,0,9,2,1
-3,98,6.5,85,983.69,1,4,5,1,3
-5,61,0.5,60,993.96,1,4,4.5,2,3
21,97,19.5,74,996.4,3,0,3.5,1,2
29,67,3,8,1024.05,9,4,6,0,0
10,78,13.5,35,1001.98,2,3,5.5,1,1
-9,62,3,77,985.16,1,4,1.5,1,3
19,95,22.5,80,1019.75,0,3,1.5,0,2
-1,85,3,94,990.91,1,4,4,2,3
9,89,10,101,1008.21,0,0,3,0,2
30,53,8,16,1024.9,8,1,6.5,1,0
30,50,14.5,41,1003.8,4,4,5.5,0,1
39,26,6,8,1017.33,5,0,8.5,1,0
-19,27,5.5,66,929.72,9,0,14.5,1,1
19,50,2,27,1000.33,2,1,7.5,2,1
52,92,19,90,1028.88,13,3,10,2,0
33,64,1.5,3,1024.93,9,0,5,0,0
26,51,4.5,46,903.58,2,1,0.5,2,0
32,25,4,12,1018.9,6,0,9,0,0
14,69,2,23,1013.26,1,3,5,2,1
-2,96,2.5,65,992.02,1,4,4,1,3
-17,79,1,77,983.81,8,3,17.5,2,2
19,28,11,92,969.51,2,0,16.5,0,3
16,75,1.5,19,1007.12,2,1,5.5,1,1
12,70,10.5,73,993.83,2,3,1,2,2
46,39,1,74,953.65,4,0,1.5,1,0
17,73,15,50,997.55,1,0,3,1,2
15,73,6.5,36,1001.9,1,4,6.5,0,1
30,87,10.5,85,1013.72,0,4,2.5,2,2
0,72,7.5,70,990.77,0,4,1.5,2,3
34,72,11,31,1014.53,2,0,9,0,1
25,57,10,0,1017.98,5,4,6.5,0,0
36,69,2,2,1029.7,5,0,8.5,2,0
4,70,16.5,91,995.88,0,4,1.5,2,3
42,28,4,16,1019.22,6,1,6.5,1,0
28,63,5,2,1010.5,10,4,7.5,0,0
-5,65,15.5,50,982.57,1,4,5,1,3
26,34,0.5,13,1022.11,5,0,8.5,1,0
3,74,10,95,997.24,1,4,4.5,2,3
24,53,1,43,1017.68,2,0,7,1,1
-7,76,1,84,997.14,0,4,2.5,2,3
25,26,13,93,955.32,8,3,6.5,2,0
33,78,12.5,55,1009.8,1,1,4.5,0,2
41,20,4.5,2,1021.26,5,0,6,2,0
28,72,8,75,993.3,1,3,3.5,0,2
-6,76,9.5,78,982.59,1,4,3.5,2,3
12,37,1,89,1061.56,9,3,4,1,2
-4,84,16.5,52,994.16,0,4,5,2,3
27,78,13,14,1004.29,2,0,6.5,2,1
4,87,22.5,104,987.21,8,4,2,1,3
19,67,12.5,98,994.55,1,3,3,0,2
37,109,22,94,1019.37,0,3,1.5,2,2
38,72,12,92,909.87,2,3,6.5,2,1
3,62,7.5,14,1128.35,3,1,7.5,2,2
-5,77,14.5,93,984.58,0,4,1,1,3
38,48,8.5,3,1012.22,8,3,6,1,0
32,66,1.5,8,1024.92,8,3,7,2,0
18,86,6.5,102,1022.22,11,4,7,2,0
10,55,3.5,22,1003.76,3,0,7,1,1
34,93,34,91,1014.02,13,4,2,2,2
31,77,19.5,93,1027.33,12,4,4.5,0,0
0,90,1,97,982.99,1,4,2.5,1,3
23,69,9.5,10,1012.91,9,0,8.5,1,0
32,29,1,17,1025.27,6,0,5.5,1,0
30,64,14,25,1005.25,3,4,5.5,1,1
35,23,0.5,16,1017.72,11,4,9,0,0
9,109,8,101,1003.91,11,0,8,1,1
3,35,2.5,23,1086.31,12,4,4,0,1
4,87,11.5,76,993.36,1,4,2,2,3
21,62,12.5,27,1004.44,4,4,7.5,2,1
10,93,13,57,990.12,0,0,3.5,1,2
25,53,7,12,1026.52,8,3,6,0,0
38,36,6,2,1027.34,9,4,7.5,2,0
26,61,16.5,68,1007.38,2,4,5,0,2
27,62,3.5,48,1014.76,2,1,5.5,2,1
-2,98,4,65,984.03,1,4,1.5,1,3
26,33,7.5,6,1025.21,8,0,7.5,2,0
27,73,13.5,40,1004.69,4,3,6,2,1
0,66,15,78,991.48,0,4,1.5,1,3
15,66,6.5,73,992.08,1,1,1.5,1,2
36,58,6.5,13,1011.95,9,3,8.5,1,0
26,51,14.5,41,1001.36,4,0,5.5,2,1
15,75,3,39,1005.03,4,4,5.5,0,1
-2,88,18,73,992.49,1,4,5,1,3
29,74,6.5,99,992.39,2,1,5,0,2
19,57,6.5,19,1018.46,2,1,6,1,1
-4,83,3.5,62,999.56,1,4,3.5,2,3
48,37,13.5,92,947.17,4,3,17,2,2
-2,100,26,87,999.28,7,4,0.5,2,3
14,52,5,26,1019.77,1,4,8,2,1
30,63,8.5,22,1004.87,1,1,5.5,0,1
-9,61,14.5,99,995.46,0,4,4,2,3
19,108,3.5,82,1015.55,9,0,8.5,0,1
34,68,8.5,7,1020.82,7,4,8,2,0
-2,74,3,74,982.42,0,4,2.5,1,3
30,95,8,51,990.97,3,3,3,0,2
9,109,8.5,84,993.99,13,4,4.5,1,3
27,52,5.5,12,1026.19,11,1,9.5,2,0
32,51,9.5,19,1010.68,3,3,6,2,1
37,104,2,77,1012.59,11,1,10.5,1,0
32,75,9.5,15,1011.6,2,0,5,2,1
1,81,20,60,987.25,0,4,1,1,3
17,30,15,70,1192.79,5,3,5.5,1,1
45,21,14.5,29,827.53,14,4,1,1,3
22,80,14,95,998.1,0,1,3.5,0,2
26,79,13.5,25,1008.47,2,1,6,1,1
19,78,8.5,10,1097.45,7,1,13.5,0,1
1,60,8.5,81,996.8,1,4,4.5,1,3
22,87,11.5,68,1006.67,1,3,3.5,1,2
48,91,32,85,1008.97,2,3,2.5,1,2
4,98,12,52,986.91,0,4,5,1,3
25,24,7.5,18,1027.27,5,4,8.5,1,0
3,96,16,80,995.24,1,4,4,1,3
43,63,4.5,8,1023.27,11,1,9.5,0,0
29,61,14,55,1019.84,3,4,4.5,2,2
22,72,13,48,1014.35,1,0,8.5,2,1
-6,34,11,89,1104.72,0,3,16.5,0,0
20,26,9.5,1,1016.57,6,3,6.5,1,0
40,52,3.5,3,1028.94,7,4,6,2,0
26,96,15.5,89,996.26,2,0,4.5,0,2
42,44,8.5,2,1020.21,10,3,9,1,0
15,89,15.5,92,1003.07,0,4,4.5,0,2
21,65,9.5,12,1018.91,11,1,9,0,0
33,44,5,4,1010.03,5,4,7,0,0
35,32,6.5,0,1015.19,9,1,7,1,0
40,51,2,12,1025.15,8,0,8,2,0
28,46,1,0,1024.22,11,1,5.5,2,0
21,60,6.5,95,997.16,0,0,2.5,1,2
-8,92,16.5,76,995.89,0,4,3.5,1,3
3,76,10,94,984.27,0,4,2,1,3
28,39,1.5,0,1010.35,8,0,6,2,0
12,81,14.5,85,1000.46,0,3,5,1,2
29,59,15,38,1010.16,1,1,6.5,1,1
22,60,2.5,13,1011.83,4,0,5.5,1,1
16,97,6,61,1013.49,1,3,3.5,0,2
6,80,26.5,77,1018.57,6,0,2.5,0,2
32,61,10,96,1174.4,13,1,15,0,1
28,93,17.5,53,992.26,3,1,1.5,0,2
32,57,10,46,1011.05,3,3,5.5,1,1
40,38,3.5,4,1018.19,9,3,8.5,1,0
-7,93,7.5,96,992.25,1,4,4.5,1,3
2,108,33,76,993.53,9,4,6,1,3
-11,71,7.5,14,874.63,2,0,15.5,2,3
24,71,16.5,88,997.18,2,3,2.5,1,2
21,75,5.5,23,1004.22,2,0,8,2,1
40,98,39,83,1001.23,12,0,1.5,2,2
20,57,3.5,26,1001.59,2,4,6,0,1
21,91,12.5,81,1000.03,3,0,2,0,2
28,57,5,21,1009.21,3,0,8.5,1,1
-10,74,10.5,86,991.2,1,4,3,2,3
13,69,11,32,1003.45,1,1,7,0,1
29,50,10.5,28,1010.45,1,4,8.5,2,1
11,59,10.5,99,1014.01,8,4,4.5,2,2
14,79,8.5,40,1015.53,2,1,8,0,1
26,47,1,0,1020.91,11,1,9,2,0
30,65,16,90,1000.92,0,4,3,1,2
-1,37,4.5,55,1180.83,13,0,3,0,2
-6,98,14,72,982.57,0,4,4.5,1,3
17,65,15,60,1001.27,3,3,4,2,2
11,93,9,70,995.55,3,4,3,2,2
12,59,1.5,31,1014.27,2,1,8.5,2,1
17,59,10,27,1002.36,2,1,5,0,1
28,45,5.5,3,1016.57,5,0,9,2,0
-4,71,0.5,99,997.13,0,4,2.5,2,3
23,79,13,12,1008.13,2,0,6.5,0,1
31,20,8.5,8,1028.11,6,3,9,1,0
50,107,18,86,1013.01,9,4,4,2,0
-4,20,13,66,897.46,4,4,2,0,2
19,81,19,95,1016.61,12,4,0.5,0,2
29,70,12,26,1004.95,4,3,7,0,1
22,59,12,46,1009.4,2,3,7.5,2,1
24,29,5.5,9,1025.51,8,0,5.5,2,0
27,105,12,103,1028.21,3,4,7,0,0
21,58,9,0,1019.81,6,0,5.5,0,0
10,97,5.5,92,995.44,3,0,1.5,0,2
20,64,11.5,12,1001.7,4,4,8.5,1,1
-5,60,16.5,90,988.99,0,4,3.5,1,3
31,88,15,51,995.1,3,0,1.5,1,2
25,38,1.5,6,1027.56,5,3,8.5,1,0
14,67,10.5,75,1019.69,2,3,3,2,2
-4,21,11.5,22,932.69,9,0,14,0,1
43,69,3,17,1018.13,10,0,7,0,0
26,68,3,43,1018.21,1,1,7.5,2,1
20,24,3,6,1013.68,9,4,6.5,2,0
40,73,19.5,85,1020.91,4,0,12,0,0
4,77,19.5,99,991.95,0,4,4.5,1,3
17,76,24.5,98,1013.75,11,0,5.5,2,2
25,51,1.5,16,1016.21,5,1,7,2,0
-6,69,8.5,94,996.02,0,4,1.5,1,3
-8,71,4.5,78,993.38,1,4,3.5,1,3
21,85,7,72,1002.94,1,4,3,0,2
11,60,17,99,996.53,2,0,3.5,0,2
2,93,2.5,73,990.23,5,4,2.5,2,3
57,83,34.5,91,997.97,12,0,6,1,2
-10,92,5.5,83,986.08,0,4,1.5,2,3
11,52,14,25,1014.85,2,4,7.5,2,1
15,59,2.5,30,1011.33,2,1,8,1,1
23,56,5.5,15,1009.52,4,4,7,2,1
16,75,5.5,54,1018.53,3,1,1.5,1,2
19,93,14.5,57,1018.44,0,4,4,1,2
24,38,4.5,15,1029.37,9,0,7,2,0
27,75,13.5,34,1001.22,4,1,7,0,1
3,64,1,53,990.51,1,4,3,1,3
25,46,7,5,1025.97,5,1,8.5,1,0
58,76,26.5,97,1006.48,7,4,7,0,1
29,95,7,76,996.05,1,4,3,1,2
25,97,21.5,90,1007.81,1,3,1,1,2
21,66,4.5,47,1002.76,3,1,7,0,1
30,72,5.5,97,1011.47,0,0,4,0,2
51,82,8.5,90,1016.8,12,3,7,1,1
34,28,14.5,97,1183.44,14,3,18.5,0,0
20,73,0.5,86,1014.44,9,4,6,0,1
-2,82,17.5,52,990.33,0,4,4.5,1,3
16,69,14,45,1014.21,3,3,7.5,1,1
-10,61,7.5,50,980.37,0,4,4,2,3
4,88,10.5,52,999.85,0,4,1,2,3
25,69,7,91,1007.14,0,0,2.5,1,2
18,74,7.5,77,1000.15,0,3,2,0,1
31,58,7.5,4,1018.12,9,4,6.5,0,0
10,71,5.5,29,1002.22,4,4,6.5,1,1
34,61,13,25,1000.53,2,1,8,0,1
-9,88,5,96,992.04,1,4,3,1,3
10,71,13.5,72,991.05,2,1,4,0,2
14,81,10,76,995.86,0,4,4.5,2,2
18,75,15.5,67,1015.03,0,0,2,2,2
27,90,19.5,89,1002.45,1,1,2,1,2
44,40,5,11,1027.78,11,0,7.5,1,0
24,66,9.5,47,1004.79,4,4,5.5,0,1
27,74,18.5,90,999.15,3,3,1.5,0,2
17,66,1.5,28,1099.65,9,3,18.5,2,0
64,109,35.5,95,1003.19,12,3,4.5,2,1
24,50,2,8,1010.94,9,4,7,1,0
15,76,7,12,1008.21,2,1,7.5,2,1
-5,85,18.5,79,984.67,12,4,2,1,3
31,82,16,80,990.74,1,3,1.5,2,2
18,72,11.5,62,1011.3,0,4,2.5,0,2
43,34,10.5,56,868.69,13,4,5,2,2
49,106,21,85,1015.18,2,0,0.5,0,2
18,64,6.5,75,1008.26,2,4,2.5,2,2
44,49,7,6,1025.25,5,1,8.5,2,0
1,65,4.5,73,983.23,1,4,2,1,3
2,100,15,70,991.86,0,4,6.5,1,3
16,40,7,73,1004.43,8,0,2,0,3
21,55,7.5,26,1005.54,4,0,6,0,1
-18,55,1,77,981.32,1,4,4.5,0,1
-10,93,1.5,79,981.57,0,4,1.5,1,3
29,71,7.5,22,1002.82,1,3,8,1,1
32,88,15,85,1010.1,0,1,4.5,0,2
-7,92,2.5,95,985.19,1,4,3.5,2,3
56,88,14.5,101,1006.04,2,1,10.5,1,1
-7,93,0.5,51,997.63,1,4,5,2,3
2,98,35.5,96,982.31,4,4,0.5,2,3
27,33,9,17,1022.7,11,4,9.5,2,0
24,64,12.5,87,1002.26,2,1,3,1,2
23,58,12,27,1013.14,4,0,6.5,0,1
41,60,6.5,4,1026.24,6,0,5.5,2,0
-7,98,11,72,997.07,4,4,5,1,3
25,21,0,11,1017.95,8,3,6.5,0,0
23,65,10.5,51,997.02,0,3,1.5,0,2
26,85,19,86,1015.32,2,1,2,1,1
-8,64,16,97,988.12,0,4,4.5,1,3
36,108,13.5,80,1012.38,13,1,6.5,0,0
20,61,5.5,46,1007.32,4,4,6.5,1,1
19,106,28,90,995.04,6,0,2.5,2,2
35,42,4.5,10,1016.98,7,0,7,2,0
-7,75,12.5,94,981.44,0,4,3.5,1,3
-4,93,7,53,998.36,0,4,5,2,3
27,68,12,23,819.83,8,3,2,2,1
10,70,3.5,27,1013.19,4,4,5,0,1
20,55,10,10,1025.13,10,1,9,0,0
24,88,11,54,1010.16,3,3,3.5,1,2
-7,82,18.5,55,992.44,0,4,1,1,3
-12,59,12.5,56,1112.01,4,4,1.5,2,0
-6,94,2.5,93,989.21,1,4,1.5,1,3
26,76,9,68,1004.27,3,0,3.5,1,2
-3,73,4,97,981.57,1,4,2.5,1,3
14,73,8.5,64,1001.87,3,1,2.5,1,2
4,44,13.5,35,1104.13,7,0,13,0,0
36,22,1,12,1023.33,8,3,8,1,0
32,86,12,65,990.41,2,0,4,0,2
33,53,3,13,1014.95,8,1,7.5,0,0
38,36,2,7,1024.42,9,0,10,2,0
30,65,3.5,0,1022.13,10,4,8.5,0,0
41,24,10,19,1027.07,7,1,9.5,0,0
23,61,10,72,999.82,3,4,4.5,2,2
27,70,12.5,59,995.11,2,3,4,1,2
-16,57,5.5,97,1047.31,9,1,11,2,2
-2,60,9.5,72,997.74,0,4,2,2,3
-9,78,7,63,984.69,0,4,2.5,2,3
4,87,8.5,74,984.02,1,4,2.5,1,3
48,85,15,99,1012.48,14,1,1,2,2
20,93,19,65,1013.42,1,4,2,1,2
-10,91,16.5,85,996.48,1,4,2.5,2,3
31,59,8.5,5,1014.26,8,3,9.5,0,0
72,82,4,70,1015.49,7,0,5,1,0
4,89,10.5,89,981.38,6,4,0.5,1,3
10,92,5,56,1006.85,2,3,1.5,1,2
24,63,12.5,15,1015.45,4,0,7.5,0,1
-8,63,19,66,994.72,1,4,2,2,3
2,65,16.5,51,993.38,0,4,4,1,3
43,44,3,11,1022.4,10,0,6,1,0
27,77,13,71,990.87,1,3,2,1,2
44,38,1.5,1,1021.67,5,3,10,2,0
14,68,13,63,992.68,3,3,4,1,2
24,65,0.5,46,1006.69,3,3,8,1,1
28,55,0,3,1018.66,5,0,7.5,0,0
35,55,0.5,13,1021.43,11,0,5.5,2,0
22,82,12.5,55,1001.63,2,1,2.5,0,2
-10,72,12.5,52,986.99,0,4,1.5,2,3
21,88,14.5,91,993.84,3,3,5,0,2
-4,78,12,75,984.5,0,4,3.5,2,3
30,74,6.5,109,1020.56,12,3,11,2,0
28,63,13.5,93,994.29,2,3,3,2,2
11,65,8,82,994.61,0,4,4,2,2
91,82,17.5,81,1013.62,13,0,2.5,1,0
4,66,15,51,994.04,0,4,2,2,3
36,64,7.5,6,1010.63,6,0,8,1,0
18,60,11,50,1000.21,2,4,3,0,2
-8,75,13.5,81,999.39,1,4,4,1,3
-10,77,5.5,56,995.79,0,4,4,2,3
34,69,4,10,1015.61,2,3,8,0,1
32,42,0,16,1018.41,6,4,9.5,2,0
39,107,25,71,996.59,11,0,5.5,0,2
76,104,2.5,90,1011.37,5,4,11,0,0
-1,61,6.5,67,988.82,0,4,3,2,3
32,66,4.5,17,1014.48,1,0,7,0,1
27,77,6.5,20,1009.04,1,4,7.5,2,1
10,58,8.5,40,1101.7,5,4,18,0,3
22,91,11,55,1001.55,3,1,4.5,2,2
27,71,13,25,1011.47,3,3,6,2,1
18,79,15.5,95,998.16,3,1,4.5,2,2
-10,86,2,86,999.17,1,4,3.5,2,3
31,73,11.5,86,1012.91,0,0,4,0,2
1,94,3.5,98,995.67,1,4,4,1,3
24,93,6,75,1000.49,1,1,2.5,0,2
20,89,17,96,1012.81,5,4,9,1,1
24,56,8.5,48,1012.3,4,3,7,0,1
11,52,2.5,44,1004.77,2,4,8.5,2,1
26,25,6,2,1022.75,9,1,9.5,1,0
-10,87,1.5,76,982.49,1,4,1.5,1,3
10,82,19.5,76,991.99,1,4,2,0,2
3,65,0.5,82,1051.73,13,4,3.5,0,3
31,55,8,33,1006.48,1,3,6.5,0,1
-2,89,11,97,994.87,0,4,2,1,3
30,60,2,6,1027.02,7,3,8.5,0,0
3,85,14.5,87,980.37,1,4,1,1,3
20,47,8,15,1011.58,9,4,9,1,0
-8,82,15,97,982.82,0,4,1,1,3
32,29,4,0,1025.6,5,1,7.5,2,0
38,27,7.5,14,1017.69,6,4,6.5,1,0
22,23,3,1,1015.84,9,3,8.5,0,0
10,70,9,55,1007.01,1,0,3,1,2
27,77,0,30,1008.97,4,1,8.5,2,1
-6,64,7,75,993.21,0,4,4,2,3
21,72,17.5,56,990.61,0,0,4.5,0,2
22,30,8,4,1027.7,10,1,6,1,0
17,77,3,77,858.32,0,1,10.5,0,2
40,50,0,3,1010.07,11,3,9.5,1,0
18,79,8.5,81,999.02,2,0,2,0,2
-15,20,13.5,76,963.25,13,0,14.5,0,2
23,24,4.5,7,1012.62,10,3,8,2,0
20,61,1.5,3,1013.44,8,4,7,1,0
1,69,15,99,997.52,0,4,4.5,2,3
-9,71,13,70,995.26,0,4,5,2,3
10,41,6,27,1004.04,14,1,11,0,1
31,63,8,7,1029.85,8,1,10,2,0
40,26,6.5,4,1021.59,6,0,9.5,2,0
22,43,0,16,1015.15,9,0,9.5,2,0
20,62,1.5,25,1010.5,3,1,7,0,1
-6,70,9.5,62,986.98,1,4,2.5,2,3
18,64,1.5,24,1166.92,2,4,1.5,2,3
29,75,0.5,43,1008,3,3,6,0,1
-8,33,5.5,72,1021.91,10,1,15,0,1
28,92,19.5,78,1017.8,2,3,2,0,2
18,53,5,34,1012.92,4,1,5.5,2,1
10,73,6.5,88,1006.95,0,1,3,2,2
2,86,14,57,993.7,0,4,2.5,2,3
-9,96,0.5,50,996.35,0,4,4,2,3
23,60,12,10,1000.19,3,4,8.5,2,1
35,31,2.5,4,1019.67,5,0,7.5,1,0
41,75,6.5,92,1026.83,1,3,16.5,2,3
1,70,13.5,56,990.65,0,4,4.5,1,3
-8,75,14,46,822.72,14,3,16.5,2,1
12,60,15.5,57,1013.2,2,1,4.5,2,2
43,40,3,11,1021.63,10,0,6,0,0
21,62,4.5,30,1017.66,3,3,7,1,1
30,55,5,13,1024.27,9,3,6,2,0
26,59,3.5,19,1025.71,9,3,8,0,0
43,45,6,19,1022.35,8,1,7,2,0
2,97,7.5,56,990.8,0,4,3,2,3
27,56,10,19,1015.52,3,1,8,2,1
29,63,6,68,992.45,0,4,3,2,2
58,96,11,92,1021.48,0,3,6,1,0
-5,60,16.5,86,991.61,0,4,3,1,3
15,70,14,86,991.27,1,4,2,1,2
42,58,2,5,1029.39,6,0,6.5,2,0
22,48,2,18,1015.1,7,0,9,0,0
28,63,3,12,1019.8,3,3,7.5,2,1
10,84,10.5,82,995.67,0,4,4,1,2
30,34,8,15,1011.61,10,4,7,2,0
44,65,3,19,1023.68,5,0,8,0,0
-10,69,12,86,985.56,1,4,1,1,3
22,68,6.5,58,809.03,1,0,10,2,3
24,74,10,44,1016.26,4,0,6,0,1
15,53,6.5,37,1001.53,1,3,8,2,1
20,38,7,4,1027.98,8,4,8.5,2,0
19,79,12.5,73,1008.92,3,1,4.5,2,2
40,46,9.5,11,1016.93,6,4,5.5,2,0
67,82,32.5,109,999.14,14,0,0.5,1,2
40,68,6.5,18,1019.2,8,1,10,1,0
55,96,3,84,1007.32,12,0,8.5,2,1
26,68,6.5,32,1015.95,2,0,6,0,1
3,68,6,82,988.65,0,4,4,2,3
15,89,32,86,1016.42,1,1,2,2,2
18,81,6.5,108,1015.84,10,0,1,1,0
4,64,19,52,986.96,1,4,3,2,3
40,32,4.5,0,1024.43,11,1,6,2,0
38,66,5.5,5,1024.39,5,1,8,2,0
2,73,10.5,53,994.5,0,4,4,1,3
33,58,3.5,14,1006.58,3,0,8,0,1
-3,96,10,54,995.3,1,4,4.5,1,3
-17,37,14,34,912.53,10,1,16.5,1,2
44,89,11,77,1023.68,4,4,7,0,0
32,52,14.5,24,1009.8,4,4,7,1,1
32,75,15,79,1000.46,3,1,2,2,2
-9,35,2.5,71,894.24,9,3,8,1,2
9,71,6.5,71,1194.98,7,0,18.5,1,0
21,69,2.5,7,1026.75,7,1,5,1,0
-7,67,11.5,54,980.31,0,4,2,1,3
22,64,2.5,16,1018.52,9,4,7.5,1,0
-1,75,11,94,992.22,1,4,3.5,1,3
13,62,3,35,1017.75,2,0,7,1,1
40,39,0.5,11,1025.81,7,0,9.5,2,0
0,73,16,76,985.73,0,4,3.5,1,3
22,93,14,67,1013.52,1,0,4,2,2
29,95,21.5,98,1003.27,6,0,2.5,0,2
35,68,3.5,69,1121.27,8,3,18,1,2
34,56,0.5,43,1003.99,2,4,7,1,1
2,63,9,81,986.13,0,4,4,2,3
-7,83,1,77,991.11,1,4,2,2,3
45,74,18,70,1020.39,10,3,4.5,2,0
13,95,9.5,66,1005.14,1,4,2.5,0,2
2,82,7,98,996.01,0,4,1.5,1,3
38,42,11,75,949.89,11,4,19,2,3
23,36,7.5,11,1026.31,5,3,8,1,0
25,40,0.5,12,1010.06,9,0,9.5,1,0
0,80,14,90,980.09,4,4,0.5,1,3
26,57,10,14,1002.74,4,1,9,2,1
16,70,11,32,1012.13,1,0,7,2,1
1,49,6.5,22,1091.99,6,4,15,0,3
12,50,6,30,1009.15,3,1,8,1,1
30,58,4.5,1,1023.16,11,4,6.5,0,0
44,76,12,84,1026.18,9,3,9.5,0,0
30,62,10.5,93,1003.56,2,3,3,1,2
60,81,11,102,1018.32,7,3,12,0,0
15,61,3.5,39,1003.36,3,0,7.5,0,1
56,102,43.5,74,1019.56,7,4,4,1,2
21,58,1,40,1006.66,2,3,5.5,2,1
16,69,9.5,79,991.96,1,1,1.5,0,2
31,92,17,61,1010.51,1,4,2.5,0,2
11,65,12.5,45,1015.64,3,1,7.5,2,1
25,49,2,71,973.42,4,1,0,0,1
21,83,12.5,50,991.17,2,1,4.5,2,2
23,82,21,99,1006.49,2,4,9.5,0,1
23,91,23,89,1013.79,5,0,3,0,2
-18,28,5.5,42,938.68,8,3,2,0,2
19,61,4.5,13,1016.97,1,3,7.5,1,1
28,88,14.5,73,990.95,10,1,3.5,2,2
15,87,11.5,59,1012.68,3,1,1.5,0,2
17,52,2,32,1017.72,3,1,6,0,1
-9,90,2.5,53,985.65,0,4,2,2,3
0,69,4,86,989.23,1,4,1.5,1,3
11,71,6,96,1015.07,2,4,5,2,2
18,61,10.5,53,1011.92,1,1,3.5,2,2
22,26,2,14,1010.77,10,0,5.5,0,0
11,94,32,79,1016.52,11,0,5,2,2
-9,88,10,90,981.42,1,4,2,1,3
3,78,8,63,981.17,0,4,2.5,2,3
-3,61,15.5,65,996.99,0,4,2.5,2,3
16,56,3,23,1003.92,1,3,8,2,1
25,74,9.5,47,1002.32,1,0,9,1,1
-5,93,18,60,988.73,0,4,4.5,2,3
17,72,16,50,990.8,3,0,3.5,2,2
43,40,3.5,14,1021.29,11,3,6,1,0
2,75,7.5,99,997.93,7,4,3,2,3
34,97,17.5,76,1016.2,1,1,2.5,0,2
37,38,4,1,1023.97,8,1,8.5,2,0
39,37,3,4,1020.17,6,4,5.5,2,0
16,46,11.5,19,1141.48,3,4,18,1,0
12,87,41.5,73,1016.44,6,3,0.5,2,2
19,79,9.5,21,1018.91,1,4,7.5,1,1
45,59,9.5,56,1002.27,7,1,13.5,2,1
20,51,3,29,1003.1,1,1,8.5,0,1
1,84,8,59,987.23,0,4,3.5,1,3
19,94,13,63,999.33,0,3,4,2,2
27,76,10.5,46,1014.42,2,4,7.5,0,1
15,89,16,50,991.07,2,3,4,2,2
-2,87,4,87,998.4,1,4,3,2,3
17,72,9.5,62,999.98,1,0,4.5,2,2
21,84,2.5,87,1025.02,4,3,4,0,0
-1,92,14,79,992.21,1,4,4,2,3
22,62,2.5,10,1020.16,5,0,8,1,0
25,94,19,85,1005.97,2,1,1,2,2
-7,76,7.5,68,981.83,1,4,3.5,1,3
32,77,12.5,87,1023.85,10,0,1,2,0
29,75,10.5,70,1015.27,1,4,2.5,0,2
24,74,13.5,80,1008.82,0,3,1,2,2
37,27,6,9,1010.46,7,4,5,1,0
22,23,6,10,1029.06,9,0,8,0,0
14,79,11.5,74,1002.5,7,3,7.5,2,1
0,80,17,86,981.8,1,4,1.5,1,3
22,85,2.5,85,1007.35,7,0,1.5,0,1
14,52,12,13,1005.74,3,3,9,0,1
21,89,13,85,1006.31,2,0,4,1,2
29,47,3,14,1024.55,6,3,8,1,0
-1,79,6,64,991,0,4,1,2,3
36,65,7.5,1,1026.61,8,0,9.5,2,0
25,49,8.5,17,1018.99,9,0,9.5,2,0
11,57,5.5,15,1007.21,4,1,6,2,1
29,58,11.5,16,1006.68,3,1,7.5,2,1
32,27,4.5,17,1017.61,5,4,7.5,0,0
30,39,0,6,1029.82,6,1,8,2,0
36,33,9,12,1029.04,10,1,9.5,2,0
3,90,13.5,76,991,1,4,3.5,1,3
-5,81,18,88,988.33,1,4,2.5,2,3
24,84,14.5,55,1000.69,3,4,1.5,2,2
-1,71,16.5,51,983.2,0,4,4,2,3
-9,65,14,82,997.52,0,4,2.5,2,3
-16,32,1.5,27,1142.83,3,1,11.5,2,2
0,60,13,97,987.93,0,4,1.5,1,3
11,88,15.5,89,995.55,1,1,3.5,2,2
26,69,10.5,32,1002.45,2,4,8.5,2,1
27,52,14.5,29,1001.3,2,0,6.5,0,1
14,84,13,56,1001.65,3,0,5,2,2
13,70,17.5,79,994.37,1,1,2,2,2
-9,85,15,88,983.37,1,4,4.5,1,3
-2,83,16,82,985.14,1,4,3,1,3
31,77,16,90,998.94,0,4,4,1,2
33,66,10.5,99,996.42,0,4,5,2,2
-3,88,3,62,985.69,1,4,2.5,1,3
-8,67,19,89,995.9,0,4,3,1,3
13,79,6,61,1000.66,2,4,2.5,0,2
-6,69,13,53,989.01,0,4,4.5,1,3
39,38,8,74,1163.16,9,3,15,0,1
9,82,16.5,107,1011.48,4,1,0.5,1,1
30,49,1.5,3,1028.18,5,1,8,2,0
15,84,10,71,996.21,0,1,1.5,0,2
22,65,12.5,85,1013.47,2,0,4,0,2
-4,70,13.5,75,983.89,0,4,4.5,2,3
38,106,1,81,1012.66,9,3,8.5,0,0
19,78,19,71,1016.53,1,0,1.5,1,2
53,100,32,107,998.94,9,3,1,2,2
30,71,6,21,1012.64,1,4,5.5,2,1
62,101,19.5,77,1006.98,9,0,3,2,1
22,74,14,31,1018.24,4,4,6,0,1
15,52,8.5,41,1000.77,3,4,8,1,1
21,72,19,57,990.71,2,4,2,0,2
48,64,2.5,89,955.71,13,1,9,0,2
42,22,2,3,1028.54,9,3,6,2,0
31,62,6.5,84,1013.61,0,0,4.5,1,2
31,78,3.5,28,1010.63,3,0,6.5,1,1
2,86,12,98,988.82,0,4,6,2,3
22,72,7.5,23,1005.36,3,3,7.5,2,1
48,76,2.5,17,1043.58,3,1,14.5,1,2
-3,72,4,77,991.15,1,4,1.5,2,3
14,80,17,76,1005.1,0,4,3,0,2
59,107,19,92,1015.41,2,3,1.5,1,2
77,106,33,95,992.06,9,4,2.5,0,2
42,30,6.5,17,1029.56,8,1,10,0,0
25,43,8,17,1012.84,10,1,7.5,0,0
21,92,16.5,63,1009.79,2,1,3.5,0,2
26,68,10.5,10,1017.99,2,1,7.5,2,1
14,79,11.5,37,1001.77,4,3,5,1,1
2,72,16.5,57,994.53,1,4,4.5,2,3
-8,79,8.5,72,988.66,1,4,1,1,3
22,80,13.5,107,998.54,5,4,2,1,2
32,30,9.5,13,1011.11,6,4,7.5,0,0
29,97,16,65,996.29,3,1,4,1,2
20,61,16.5,94,1001.79,0,3,2.5,0,2
-1,76,13.5,60,993.26,1,4,3,1,3
22,99,18.5,82,1012.7,0,1,3.5,1,1
30,26,4.5,6,1025.13,5,0,9,0,0
60,109,9,101,1013.72,11,3,5,2,1
38,90,35,71,1014.97,2,0,1,0,2
-10,64,17,74,995.24,0,4,1.5,2,3
32,46,0,4,1029.43,10,4,8,2,0
13,52,9.5,42,1012.28,3,4,5,2,1
11,55,6,48,1013.87,1,1,6,0,1
34,71,17,77,1005.42,3,4,4.5,1,2
40,49,4.5,16,1011.36,5,4,7,1,0
4,67,14.5,94,984.65,1,4,4,1,3
27,69,15.5,74,991.07,2,4,4.5,0,2
24,91,15.5,89,991.1,0,4,1.5,1,2
-8,92,5.5,54,999.41,1,4,3,2,3
33,49,9,5,1022.71,9,1,9,0,0
23,61,12.5,59,1018.24,3,0,4.5,2,2
13,81,5.5,93,990.26,1,4,2.5,0,2
-16,74,13,33,1136.55,11,1,16,1,2
-3,86,13.5,91,995.54,1,4,2.5,1,3
32,55,11.5,28,1016.77,3,0,5,2,1
22,41,7.5,10,1011.37,7,1,8,0,0
17,71,9,81,1009.56,10,4,4.5,1,1
31,95,32.5,108,1006.46,14,1,4,2,1
38,62,2.5,10,1023.64,11,1,6,2,0
17,75,14,30,1011.56,4,3,5,1,1
2,66,4,54,992.55,0,4,3.5,1,3
33,66,9,24,1004.24,4,0,6,2,1
-6,67,4.5,70,994.95,1,4,3.5,2,3
37,36,8.5,0,1026.5,6,3,6.5,1,0
35,62,1,6,1025,10,0,5.5,0,0
17,93,17.5,72,992.79,2,0,4.5,0,2
0,73,18,86,981.78,1,4,0.5,1,3
25,67,5.5,8,1018.44,8,4,6,1,0
19,69,11.5,47,1014.36,1,3,5,2,1
-8,105,9,96,989.9,0,4,2,2,3
21,73,6,86,1010.37,3,4,2,0,2
20,62,6,1,1025.1,7,3,10,0,0
-8,68,17,70,980.57,0,4,3.5,2,3
10,93,11.5,73,999.81,3,0,4,0,2
43,67,4,0,1020.83,9,4,6,0,0
19,76,9.5,89,992.8,0,3,4.5,2,2
33,52,9.5,34,1001.71,4,3,7,1,1
34,79,8.5,10,1006.28,4,0,7.5,0,1
3,96,4,95,992.62,1,4,4,1,3
26,20,3.5,1,1025.91,8,3,9,1,0
39,29,0.5,16,1017.52,5,0,6,0,0
22,59,14,24,1013.96,2,4,7,1,1
23,70,9.5,38,1019.56,1,1,7,2,1
-5,88,19.5,71,997.25,0,4,3.5,2,3
0,108,36.5,108,989.62,4,4,0.5,1,3
30,52,6.5,19,1022.13,9,1,5.5,1,0
2,78,11.5,59,991.02,1,4,1.5,1,3
-6,76,1,98,991.76,1,4,4,2,3
25,60,1,39,1009.34,3,4,7,2,1
-2,95,8.5,65,988.76,0,4,3,2,3
10,24,6.5,91,1056.73,6,4,15.5,1,2
15,62,16,86,1002.18,0,4,4.5,1,2
15,70,13,40,1001.67,3,4,8,2,1
41,73,6.5,96,1015.62,10,3,4,0,0
27,99,17.5,91,991.27,2,0,3,0,2
23,36,4.5,13,1016.94,6,4,8.5,2,0
22,64,1,17,1021.27,10,1,8.5,0,0
31,53,7.5,5,1023.5,10,3,9.5,1,0
59,88,12.5,103,1014.6,0,3,4.5,2,0
26,97,18,61,1019.45,3,4,1.5,2,2
-15,91,20.5,90,981.13,8,4,1.5,1,3
30,66,11,75,993.26,3,3,3.5,2,2
24,84,17,80,1005.96,2,3,4,0,2
3,75,14.5,91,982.94,0,4,3,1,3
-7,74,5.5,78,988.53,0,4,3.5,2,3
44,53,8.5,18,1023.11,5,3,9.5,0,0
-4,69,3,69,996.15,0,4,1.5,2,3
-4,64,1,85,993.69,1,4,1.5,1,3
32,49,0.5,88,959.35,14,4,0,0,2
29,47,1,16,1010.88,9,1,7,1,0
-2,92,6.5,68,998.83,1,4,2.5,1,3
36,107,15.5,101,1008.87,3,0,3,1,1
-9,32,5,21,966.64,11,0,16.5,0,3
11,94,9.5,77,1013.56,0,1,3,1,2
39,36,6.5,7,1017.49,7,1,6.5,2,0
-6,85,0.5,72,987.07,0,4,3.5,1,3
32,56,7.5,18,1010.12,3,4,8.5,1,1
21,58,7.5,16,1019.37,2,3,7.5,1,1
6,107,1.5,101,980.27,10,4,2,2,3
2,80,3.5,63,983.09,1,4,5,2,3
24,72,14,87,1002.27,2,0,2.5,0,2
24,65,5.5,74,1005.97,1,4,2.5,1,2
0,69,7.5,83,992.99,0,4,2,2,3
26,102,11,79,1014.49,5,1,3.5,1,0
31,56,6.5,3,1014.66,10,1,5,0,0
28,104,21,109,1008.63,0,0,3,0,2
30,74,0.5,14,1007.28,2,3,5.5,1,1
33,74,6.5,27,1004.21,4,4,8.5,2,1
26,52,2.5,12,1009.69,2,4,6.5,0,1
30,65,3.5,15,1001.44,3,3,9,1,1
43,37,2.5,3,1012.08,5,3,7.5,2,0
16,68,17,96,1006.29,0,0,1.5,0,2
44,48,4,17,1027.7,6,3,5.5,2,0
-1,90,1.5,56,988.99,0,4,1,2,3
-6,60,19,60,997.54,0,4,4.5,1,3
3,88,7,51,997.09,1,4,1.5,2,3
28,66,12.5,45,1000.76,2,4,9,1,1
-9,72,6,66,993.68,1,4,4,2,3
38,57,7,6,1014.62,11,3,7,0,0
90,77,10,100,1022.83,13,4,8,1,0
10,99,5.5,92,1000.65,1,4,2,1,2
22,75,10,88,1018.77,3,1,1,1,2
21,48,6,0,1024.48,7,4,8.5,1,0
11,108,24.5,78,1015.59,8,4,8.5,2,1
14,68,9.5,33,1013.71,3,0,8.5,0,1
30,58,2,18,1029.24,5,0,9.5,0,0
40,35,6.5,0,1029.38,5,4,8.5,0,0
11,57,5,19,1019.91,1,1,7.5,1,1
26,59,1.5,40,1006.19,3,1,7,2,1
32,61,16.5,72,1008.85,1,0,2,1,2
19,35,8,32,1123.4,10,0,6,0,1
0,68,16,91,998.36,1,4,2,2,3
-4,94,4,93,999.99,0,4,2,2,3
15,76,13.5,15,1008.07,3,4,7.5,2,1
35,27,8,11,1012.23,10,4,9.5,0,0
43,39,0.5,6,1013.52,5,0,6,1,0
20,67,13,47,1013.74,3,0,8,1,1
34,47,2,10,1152.88,2,3,15.5,1,3
28,49,0.5,0,1024.9,11,1,9,0,0
-5,35,8.5,14,903.36,6,0,1.5,1,0
13,61,12.5,33,1004.63,4,3,7,2,1
-1,74,3,53,991.37,0,4,4,1,3
27,75,10,38,1131.21,7,0,12.5,1,0
1,73,2.5,93,999.23,1,4,2.5,2,3
-6,87,7,83,986.77,0,4,2,1,3
0,79,14.5,98,980.72,1,4,2,1,3
14,71,10.5,17,1005.21,4,1,6.5,2,1
1,70,16.5,59,990.8,1,4,1.5,2,3
-10,70,18,94,985.2,0,4,4,1,3
25,89,16,87,992.15,0,4,2.5,1,2
25,99,24,95,1014.22,9,1,4.5,2,2
2,80,13.5,79,995.74,1,4,1.5,1,3
4,25,2.5,93,972.03,8,4,16.5,2,1
21,47,5,14,1018.31,10,4,5.5,0,0
29,36,2.5,11,1024.91,9,4,5.5,1,0
5,102,31,108,1005.89,10,1,2,1,2
30,78,8,72,996.03,1,4,2,0,2
7,102,38.5,102,1019.16,9,1,3,1,2
47,40,10.5,54,1182.46,8,1,19,2,0
29,88,24.5,92,992.31,6,1,0.5,0,2
20,51,15,26,1007.98,1,3,7,1,1
28,56,7,13,1020.37,11,4,7,1,0
13,74,12,50,1005.57,1,1,3,1,2
28,95,13.5,78,1014.9,3,3,1.5,0,2
26,58,9,17,1014.23,8,4,6,1,0
57,103,11,71,1007.55,1,1,1,0,2
12,71,7,51,1173.56,6,0,0.5,1,1
35,22,4,7,1024.64,10,0,8.5,1,0
11,71,17,52,997.13,0,4,3,1,2
23,62,8,91,1004.57,2,1,5,2,2
15,59,2,34,1008.57,1,0,8,1,1
26,72,3,36,1012.65,2,4,8,2,1
30,36,1.5,13,1011.83,9,4,5.5,0,0
-5,95,20,94,982.79,0,4,2.5,2,3
18,79,9,30,1003.92,1,3,8.5,2,1
3,69,11,51,992.3,1,4,1.5,1,3
24,69,8,52,1011.15,0,1,1.5,1,2
34,78,13,10,1006.49,4,3,6.5,2,1
3,86,2.5,68,980.4,0,4,1.5,2,3
-7,64,10.5,69,908.14,13,0,4,1,2
32,89,11.5,57,1019.84,1,0,4.5,2,2
30,69,20,80,995.21,3,3,3.5,1,2
-7,95,16.5,93,982.11,1,4,4,2,3
0,60,10.5,69,989.04,1,4,4.5,1,3
-2,99,16,95,985.03,0,4,1.5,2,3
32,63,3,46,1006.96,1,1,8.5,1,1
22,63,6,69,1015.98,2,1,2,2,2
16,69,11,54,810.22,9,0,16.5,1,1
22,53,5,19,1014.57,1,0,6,0,1
-8,63,6.5,56,992.04,0,4,1.5,2,3
35,81,21,89,1011.12,5,4,9.5,1,1
10,80,19.5,85,1018.4,2,0,4.5,2,2
27,40,2,35,876.81,14,4,8,1,1
12,65,19,60,1016.71,2,3,3,2,2
-1,98,14,96,985.59,0,4,5,2,3
3,95,19.5,108,980.86,5,4,2,2,3
4,32,3.5,31,1193.11,6,4,14.5,1,2
42,63,7,15,1012.89,7,3,9,0,0
18,100,19,72,1013.43,12,0,1.5,0,2
-3,98,8,89,996.59,1,4,1.5,2,3
-3,38,5.5,67,874.12,6,0,10.5,2,2
-13,91,8.5,103,984.65,7,4,0.5,2,3
43,71,12,81,807.13,10,4,3.5,0,0
39,48,7.5,19,1015.44,9,4,6,0,0
26,34,3.5,16,1029.03,11,4,9,0,0
11,51,15,39,1000.97,1,4,7.5,0,1
17,70,14.5,39,1001.49,1,3,8.5,0,1
-1,94,3.5,60,986.81,1,4,3.5,2,3
-1,94,16.5,75,983.34,1,4,1,1,3
36,104,26.5,87,1004.17,1,3,2,0,2
10,77,18,62,1002.6,3,3,3,0,2
28,76,11.5,78,1015.82,1,1,3.5,1,2
21,98,15,75,1002.2,1,4,4.5,2,2
0,60,1,71,994.29,0,4,3,1,3
23,35,3,9,1029.35,7,4,7.5,2,0
40,61,9,4,1017.38,11,1,8.5,2,0
24,74,5.5,35,1005.48,4,1,6.5,2,1
-2,84,17,83,996.2,0,4,5,1,3
22,50,4.5,41,1007.32,4,1,8.5,2,1
27,68,12.5,13,1003.22,4,0,8.5,1,1
15,88,27,71,1018.77,5,4,9.5,1,1
26,83,15,67,1017.51,1,1,4,2,2
42,67,4.5,7,1027.05,11,1,5,1,0
-18,70,11,12,1182.77,14,1,10.5,1,1
25,83,19,95,1002.21,2,3,3,2,2
62,100,20.5,99,1014.46,0,1,6.5,2,0
16,31,3.5,87,824.25,8,4,12.5,1,0
31,76,10.5,64,990.23,1,3,2,0,2
22,71,13.5,65,1006.32,3,4,5,1,2
26,59,10,26,1007.97,2,3,7,1,1
18,77,13.5,44,1005.63,1,3,7,1,1
-2,68,10,93,985.51,1,4,3,2,3
61,103,6,92,1025.47,14,0,5.5,1,0
-1,84,12,90,992.77,0,4,5,2,3
21,76,7,57,1014.41,3,3,1.5,0,2
22,66,3,30,1003.22,2,3,6.5,0,1
26,60,11.5,50,995.67,3,1,3.5,1,2
-10,93,8.5,58,987.38,0,4,3.5,1,3
1,79,2.5,83,999.67,1,4,2.5,1,3
-5,91,6,91,980.63,1,4,3,2,3
16,92,18.5,50,995.44,3,0,3,1,2
19,89,16,96,1010.48,1,0,1.5,2,2
35,61,4,7,1028.91,10,1,6,2,0
36,53,7,6,1021.04,5,1,10,0,0
-8,75,1,93,984.39,0,4,4,2,3
11,92,10,71,1017.4,0,3,5,2,2
20,69,17,87,1007.12,3,4,2.5,2,2
35,59,2,3,1026.61,11,1,5,0,0
-3,71,1.5,74,999.93,1,4,1,2,3
25,54,7,47,1011.13,3,0,7,1,1
14,60,12,83,1005.3,3,3,3.5,1,2
-3,81,16.5,88,996.16,1,4,3,2,3
29,86,13.5,72,993.32,1,0,3.5,1,2
16,76,9,66,992.65,1,1,1,0,2
32,86,8.5,91,1004.24,0,0,5,0,2
23,49,0.5,1,1018.88,7,3,9,0,0
33,58,9.5,43,1006.37,2,3,7.5,2,1
10,91,11,99,996.03,0,4,4,1,2
12,53,9.5,19,1003.07,1,3,9,1,1
34,54,2.5,13,1029.27,10,3,8.5,0,0
26,54,14,23,1008.44,2,3,7,2,1
19,93,12,74,1020.7,1,1,4,0,0
34,69,12,19,1007.67,3,4,5.5,2,1
27,33,7,83,1194.57,1,4,8,1,2
-5,65,5,60,987.77,1,4,3,1,3
-3,93,17,51,985.63,0,4,5,2,3
16,71,3,43,920.13,10,1,15,1,1
27,41,8.5,7,1028.29,10,0,9.5,0,0
-5,70,1.5,59,992.91,0,4,1.5,1,3
40,56,9,16,1015.88,5,4,9,0,0
-6,70,9,35,994.17,4,1,2,2,0
31,83,18.5,88,994.23,2,0,1,0,2
3,66,2.5,76,982.59,1,4,1.5,1,3
24,51,3.5,6,1020.71,5,3,7.5,0,0
36,34,2.5,14,1012.25,10,1,9,1,0
-7,94,36,77,987.47,13,4,0.5,1,3
7,72,23.5,108,1011.5,12,4,3,1,2
1,69,5.5,67,989.06,1,4,5,2,3
27,28,6.5,15,1024.17,10,4,8,0,0
24,78,18.5,54,1009.18,0,0,1.5,0,2
-5,67,13.5,90,993.25,0,4,4,2,3
44,33,3.5,13,1026.66,10,1,9.5,1,0
-3,93,9.5,57,997.51,0,4,3,1,3
24,88,7,64,1000.3,1,4,3,0,2
35,94,30.5,81,1018.53,7,4,3.5,0,2
3,98,5,62,983.69,0,4,3.5,2,3
27,85,9,76,1016.44,3,0,1.5,1,2
46,40,13,19,841.67,1,4,4,2,1
5,104,12.5,79,996.81,0,4,5,2,3
36,95,33.5,102,1010.51,6,1,4.5,0,1
0,92,6,83,993.9,1,4,4.5,2,3
-6,70,12.5,55,986.84,0,4,2,1,3
39,38,14.5,75,1045.07,1,1,14,1,0
29,103,11.5,86,995.57,3,0,3.5,1,2
38,74,11.5,35,940.77,12,0,11.5,1,2
12,68,5.5,93,1018.08,2,1,2,1,2
2,69,1,50,997.8,1,4,4,1,3
12,72,0,36,1010.8,4,1,7.5,2,1
22,49,0,10,1023.31,10,1,6.5,1,0
33,63,6,59,1017.11,0,1,5,0,2
14,70,8,66,993.43,0,1,3,1,2
53,84,7.5,74,1017.74,9,3,6.5,1,0
-8,79,11.5,76,994.69,1,4,3.5,2,3
0,76,13.5,97,991.92,0,4,1.5,1,3
16,95,5.5,84,1011.25,3,1,10,2,1
28,62,6.5,69,994.82,1,4,3,2,2
20,21,9,9,1013.66,9,3,7.5,0,0
19,80,24.5,70,1006.31,11,0,4,1,1
28,48,8.5,14,1010.68,8,4,6,1,0
24,78,8.5,87,1010.48,1,4,1.5,2,2
23,99,12,61,1001.71,0,4,2.5,1,2
30,66,4.5,12,1024.75,6,3,6.5,2,0
4,51,3,84,1152.61,6,4,6,1,1
1,96,9,95,990.82,1,4,3.5,2,3
0,37,13,23,959.99,7,0,19.5,1,2
17,68,10,54,991.09,3,0,4,2,2
16,85,8,54,1005.34,2,1,4.5,1,2
23,21,6.5,17,1054.24,7,4,7.5,0,3
-8,75,0.5,57,984.03,0,4,1,2,3
13,72,1.5,46,1000.55,4,0,8,0,1
-3,76,30,108,997.57,0,4,5.5,1,3
3,72,12.5,61,985.08,0,4,1.5,1,3
26,100,27.5,106,1015.47,0,1,3.5,1,2
46,23,0,51,852.2,8,1,16,1,1
27,42,9.5,2,1010.89,7,3,10,2,0
3,66,13,91,995.95,1,4,1,1,3
16,68,6.5,63,993.1,2,0,1.5,0,2
13,96,6.5,71,1002.57,1,0,2,0,2
23,85,23,94,1019.34,8,3,1.5,1,2
-7,94,16.5,86,995.55,1,4,3.5,1,3
-6,96,10.5,75,986.32,0,4,4,2,3
21,56,5,39,1013.36,3,1,8,1,1
15,76,5.5,99,993,1,3,4.5,2,2
27,65,7.5,8,1020.55,9,0,8.5,2,0
23,59,10.5,32,1008.34,3,4,6.5,1,1
22,24,1.5,7,1029.6,5,0,6.5,2,0
2,66,11.5,40,1121.11,2,4,6,1,0
18,91,18.5,71,1018.56,3,4,5,1,2
0,95,5.5,83,982.08,0,4,4,2,3
29,92,12.5,96,1000.69,1,0,4,1,2
-6,74,0.5,66,989.13,0,4,1.5,1,3
4,107,5,83,980.48,8,4,2,1,3
-3,77,15.5,51,999.67,0,4,2.5,1,3
24,61,5.5,3,1018.27,9,0,5.5,1,0
21,79,14,37,1001.56,1,3,6.5,1,1
60,97,12,109,1020.01,5,4,7.5,1,0
15,51,3.5,47,1004,2,4,7.5,2,1
26,84,10.5,71,1016.28,0,3,4.5,2,2
17,65,12.5,34,1009.68,4,1,5.5,0,1
-8,94,15,59,988.28,0,4,1.5,2,3
1,91,13,80,990.88,1,4,3,1,3
25,94,16.5,97,1019.55,0,3,1,1,2
-13,100,22,81,993.51,3,4,2.5,1,3
-4,67,5.5,62,987.01,1,4,4.5,2,3
3,75,46.5,87,996.85,5,4,4.5,1,3
34,57,9.5,14,1001.57,3,0,9,0,1
-3,96,1.5,73,999.89,1,4,2.5,1,3
34,76,4,49,1013.56,4,4,5,2,1
-6,64,9,96,990.29,0,4,3,2,3
-9,66,8,61,994.79,1,4,2,2,3
20,61,4.5,39,1008.47,3,0,7.5,2,1
30,41,6.5,12,1019.99,5,4,6.5,2,0
25,70,6,16,1018.75,2,3,7.5,0,1
15,65,0,49,1011.26,1,1,8.5,0,1
2,97,2,89,993.14,0,4,3,1,3
13,97,19,86,1015.89,1,1,4.5,2,2
19,74,13,98,1003.68,1,0,4,0,2
-9,77,3,97,990.49,0,4,3,2,3
1,84,1,72,989.89,0,4,4.5,2,3
34,84,15,73,1015.52,1,0,3,0,2
31,37,9.5,7,1029.3,8,4,8,0,0
9,36,7.5,92,1097.35,11,0,6.5,2,2
38,44,6,2,1010.46,8,0,5.5,1,0
1,61,0.5,82,991.39,0,4,4,2,3
31,82,17,57,1006.01,1,3,1.5,1,2
25,36,0.5,17,1023.21,9,1,9,0,0
-5,95,29.5,79,988.8,0,4,1.5,2,3
2,96,2,83,993.76,1,4,4.5,2,3
18,61,13.5,28,1016.33,3,0,6,1,1
11,50,10.5,43,1001.03,3,0,8,0,1
37,60,10.5,57,1037.02,7,1,16.5,2,2
18,71,9,91,995.69,1,0,1,1,2
33,67,4.5,46,1013.32,4,0,9,2,1
-2,92,9,66,998.83,1,4,3.5,2,3
-10,98,8.5,67,984.77,1,4,2.5,1,3
0,95,1.5,96,987.35,1,4,3.5,1,3
22,106,15,108,1016.6,4,1,6,2,2
24,29,9,18,1017.04,6,4,8.5,0,0
18,60,12.5,42,822.66,2,1,17.5,2,2
-1,81,18,60,996.7,1,4,4.5,2,3
28,35,1.5,73,918.45,0,1,10.5,2,0
2,92,3.5,56,998.34,1,4,5,1,3
21,69,0,40,1001.43,2,1,7,1,1
9,83,19.5,91,999.89,10,4,1,0,2
42,106,22,70,1003.34,4,4,2,1,1
44,51,15,71,982.9,5,3,2.5,1,2
30,63,5.5,42,1005.58,3,1,8.5,1,1
1,96,13.5,81,982.25,0,4,3,1,3
17,65,6,98,1013.45,2,0,3,0,2
14,59,10.5,36,1007.53,1,3,8.5,0,1
33,58,6.5,1,1026.56,8,1,5.5,2,0
29,54,9,14,1022.36,11,1,9,2,0
21,49,1.5,15,1010.81,5,3,9.5,0,0
14,66,10.5,17,1004.04,2,3,5.5,0,1
-2,87,3.5,90,997.87,0,4,2.5,2,3
14,76,11,35,1009.43,1,3,6,0,1
18,60,10,60,1006.55,2,3,4.5,0,2
30,57,7,35,1000.25,4,0,7.5,2,1
29,63,11.5,52,1017.35,2,1,2,1,2
-17,72,8.5,73,998.45,1,4,2,1,3
-5,86,10.5,92,995.7,0,4,4,1,3
-2,93,1,71,980.58,1,4,3.5,2,3
-1,61,0,73,985.88,0,4,2,2,3
17,88,18,83,1026.94,0,0,5.5,2,0
38,63,2.5,68,1124.74,12,0,5.5,0,1
-8,79,9,70,992.32,1,4,2.5,1,3
28,81,15.5,68,995.69,1,3,3.5,1,2
31,92,12,80,995.65,3,1,4,2,2
1,91,11,80,981.37,0,4,3,1,3
28,67,14.5,83,1016.48,3,1,1.5,1,2
28,75,15,27,1018.41,3,0,6.5,0,1
38,39,9,10,1018.1,10,1,7,0,0
2,98,13.5,54,990.51,1,4,4,1,3
13,66,13.5,58,1008.7,1,3,1.5,0,2
34,37,1.5,19,1010.12,7,4,6.5,0,0
42,64,2,18,1028.55,8,3,8,2,0
78,81,8,78,1010.19,1,3,4.5,1,1
25,76,10.5,23,1139.41,1,1,3,2,0
-2,74,7,83,999.2,0,4,4,1,3
24,75,19.5,106,1008.12,14,1,5,0,1
-10,80,17.5,63,986.35,0,4,2.5,1,3
0,73,11,99,997.11,1,4,4,2,3
1,89,5,93,997.29,0,4,4.5,1,3
2,70,18,79,990.08,1,4,2,1,3
48,70,3.5,52,873.55,9,4,13,1,0
14,99,6.5,54,991.63,3,1,1.5,2,2
24,50,9.5,10,1010.49,7,0,7,0,0
34,88,19.5,73,1018.01,1,0,4,1,2
-1,63,11,92,981.38,1,4,1.5,2,3
41,28,5,5,1014.67,7,4,9.5,2,0
15,74,0.5,14,1010.49,2,3,7,1,1
35,21,2,9,1012.95,7,1,7.5,1,0
-7,96,4,76,983.19,1,4,2.5,2,3
25,81,16.5,77,1013.95,2,3,5,2,2
36,57,4.5,11,1015.75,7,0,6,2,0
43,60,3.5,2,1011.03,8,0,7.5,2,0
21,74,14,79,1007.03,1,0,2.5,1,2
-19,51,10,26,1098.88,6,0,18.5,2,1
-2,84,3,86,981.81,0,4,0.5,2,3
30,106,7,102,1012.3,10,0,8,1,0
1,76,7,56,988.76,1,4,3.5,2,3
1,64,2,61,982.34,1,4,4.5,2,3
-8,72,2.5,86,992.17,0,4,3.5,2,3
26,74,8.5,61,994.22,2,0,2,2,2
-2,96,13.5,94,984.24,1,4,1.5,2,3
24,76,16,69,999.91,3,0,2,2,2
4,65,7,77,980.37,0,4,3.5,2,3
0,46,8,45,1080.2,9,0,3.5,0,0
24,51,8,26,1018.31,2,0,6.5,2,1
0,71,1.5,67,995.64,1,4,3.5,1,3
58,101,34,102,1016.84,4,3,4,0,2
20,54,2.5,9,1016.32,5,1,9,0,0
20,67,7,6,1025.47,5,0,5.5,1,0
17,66,11.5,29,1006.5,2,4,8,1,1
30,31,8,49,918.45,3,3,12,0,1
20,82,9.5,89,1002.04,1,3,4,1,2
0,97,14,91,996.84,1,4,5,1,3
-7,87,19,84,993.9,0,4,3,2,3
24,94,6,85,1014.82,2,4,2.5,2,2
13,68,7,10,1013.89,3,0,5.5,1,1
29,20,6,13,1018.79,8,0,10,1,0
27,64,8,84,1005.59,0,1,3.5,0,2
38,28,4.5,0,1010.21,5,3,5.5,1,0
27,86,7.5,108,1005.5,2,3,1,0,1
29,67,1.5,5,1024.29,5,1,8,0,0
28,82,19,53,1012.48,1,4,1,2,2
-2,86,2,58,987.21,0,4,4.5,1,3
1,75,11.5,95,982.4,0,4,2.5,1,3
-2,85,8.5,55,999.3,1,4,1.5,2,3
-5,63,17,57,989.9,1,4,3,1,3
4,52,10,55,992.22,9,3,8.5,1,1
-12,78,28,88,999.07,5,4,4,1,3
43,89,5.5,81,1016.51,0,4,6.5,2,0
65,70,14.5,99,1023.75,13,1,5.5,2,0
1,83,1.5,67,984.98,1,4,1,2,3
3,75,18,99,994.62,1,4,1,1,3
28,82,32.5,103,1010.22,6,3,7,2,1
24,78,13,89,1011.2,1,0,4.5,2,2
19,80,15.5,72,1000.27,0,0,2.5,1,2
24,49,6,8,1017.22,10,4,6,1,0
-5,98,6,95,998.71,1,4,4,2,3
22,90,12.5,53,1001.14,0,4,5,0,2
24,99,16,50,992.97,2,3,2.5,0,2
32,35,8.5,13,1023.67,8,0,9,1,0
41,31,9,8,1021.85,7,4,9,2,0
2,100,20.5,98,998.24,5,4,0.5,1,3
13,92,18,70,1008.62,1,1,2,0,2
23,95,41,99,1003.48,3,1,2.5,1,2
-4,70,18.5,85,985.66,1,4,1.5,1,3
-3,102,27,78,997.87,3,4,2.5,2,3
14,73,9.5,82,1010.82,2,4,3.5,1,2
32,79,10,33,1010.21,1,4,7.5,0,1
27,38,0.5,6,1013.86,11,0,7,2,0
4,72,16.5,60,987.84,1,4,4,2,3
12,73,17,68,1011.77,1,0,5,2,2
47,70,2.5,60,885.57,5,0,3,0,1
14,65,10.5,58,1007.55,0,1,3,0,2
12,89,12,56,993.17,0,4,5,1,2
-2,90,6,94,990.21,0,4,3.5,1,3
19,83,18.5,65,1009.49,2,4,2,2,2
31,55,7,7,1013.42,9,4,6,2,0
-16,30,12,53,972.16,7,1,1.5,2,0
0,84,5.5,62,991.3,1,4,4.5,2,3
-8,49,12.5,91,880.52,2,4,15,1,2
42,47,8.5,13,1025.55,7,3,9,0,0
38,60,6,4,1028.57,9,0,6,0,0
-4,73,2.5,71,980.91,1,4,2.5,2,3
-10,65,5.5,88,987.23,1,4,1.5,2,3
-6,73,6.5,92,980.75,1,4,1.5,2,3
10,54,10,43,1000.58,1,0,5,1,1
-2,65,8.5,54,986.2,0,4,3.5,2,3
14,91,5,64,1003.09,0,1,2.5,1,2
21,56,8.5,18,1015.83,4,4,6.5,0,1
-2,75,8,80,987.92,1,4,4,1,3
27,70,8.5,42,1019.32,4,1,6.5,2,1
-5,68,0.5,96,992.19,1,4,1.5,2,3
14,60,4.5,23,1019.56,1,1,6.5,0,1
2,91,0,65,980.71,1,4,3,1,3
24,62,6,31,1009.14,4,1,6.5,2,1
14,78,10,62,999.1,1,3,4,0,2
28,48,5,4,1026.54,10,1,8.5,2,0
25,26,4.5,5,1012.59,8,4,5,0,0
43,45,3.5,15,1025.24,6,0,8.5,2,0
39,109,17,95,1019.88,3,1,7.5,1,1
0,74,12,89,990.36,1,4,1.5,2,3
42,72,27,83,1011.45,1,3,8,2,1
19,74,15.5,81,1008.76,3,4,2.5,1,2
-5,86,3.5,83,996.18,0,4,4,2,3
-16,77,2.5,10,874.04,6,1,16,0,3
13,75,12.5,84,1009.84,0,1,2.5,0,2
-4,96,12,99,988.36,0,4,2,1,3
51,73,4,83,1021.12,2,3,7.5,2,0
-2,74,6,67,986.08,1,4,3,1,3
11,29,13,77,876.06,12,3,7,2,1
35,68,1.5,2,1029.48,11,3,6,1,0
-9,86,7.5,84,984.42,1,4,2.5,2,3
4,70,14.5,54,991.48,0,4,4,1,3
-4,82,14,96,984.21,14,4,1,2,3
18,79,8,32,1007.36,1,0,7.5,2,1
19,56,3,22,1008.09,2,1,8,0,1
22,104,6,100,1010.24,0,4,3,2,0
33,109,27.5,75,1016.08,3,3,4,0,1
14,95,42.5,106,997.34,6,1,4,2,2
-6,86,5,64,982.27,0,4,4,1,3
66,83,20.5,109,1005.29,10,1,6.5,1,1
22,75,13,52,999.74,0,4,5,1,2
24,68,7,37,1003.7,1,4,5,2,1
29,87,16,56,1009.62,1,3,1.5,1,2
27,96,14.5,63,1010.68,1,3,3.5,0,2
-14,60,14,68,949.1,5,0,3.5,2,3
38,58,1.5,3,1022.76,8,0,7.5,0,0
16,94,32,76,1018.69,0,0,1.5,1,2
1,79,7.5,88,995.83,0,4,3,2,3
13,67,10.5,66,990.65,3,0,2,0,2
4,79,10,57,992.88,0,4,1.5,1,3
-1,63,10,90,990.95,1,4,4.5,2,3
-8,81,5.5,90,989.1,1,4,5,1,3
33,71,1,45,1007.25,4,0,6,2,1
33,48,1.5,0,1024.96,11,0,8,2,0
33,74,5,38,1017.46,3,0,5,2,1
11,99,17.5,56,994.66,0,1,4.5,1,2
24,24,6.5,11,1018.44,5,4,5.5,0,0
11,60,18,85,995.43,2,3,2.5,1,2
-1,76,20,54,989.93,1,4,1.5,1,3
26,66,0.5,17,1010.85,10,0,8.5,0,0
22,94,5,62,990.53,2,0,2.5,2,2
26,50,3,20,1008.81,1,1,5.5,1,1
-5,63,12,55,987.41,0,4,2,2,3
27,26,9,14,1018.24,5,4,7,1,0
13,86,20,70,990.98,4,1,2,1,2
0,92,16.5,80,987.42,1,4,4,2,3
27,74,10,43,1006.85,4,1,6.5,0,1
2,92,16.5,53,987.92,1,4,1.5,2,3
28,57,13,45,1006.4,3,1,8.5,0,1
18,73,2,46,1011.43,3,4,8,2,1
17,88,8.5,96,1008.22,0,4,3,0,2
15,70,2.5,80,1020.81,2,1,8,2,0
28,41,1.5,10,1019.55,11,3,7,2,0
11,65,7.5,73,1002.92,2,4,3.5,1,2
4,74,8.5,91,994.86,1,4,2.5,1,3
28,24,5.5,1,1020.74,5,0,6.5,1,0
4,99,8,72,994.81,0,4,3,2,3
29,56,4.5,9,1024.47,5,0,10,0,0
-8,76,29,101,989.46,5,4,4.5,1,3
13,54,8,16,1015.25,2,0,5.5,0,1
14,66,12,22,1007.43,1,3,9,1,1
28,44,0.5,19,1019.36,5,4,8.5,2,0
18,57,11,30,1019.53,4,1,7.5,0,1
66,83,18,92,999.46,14,4,3,0,2
10,97,10.5,53,1001.2,3,4,2,2,2
-6,90,5.5,88,987.46,0,4,4.5,1,3
0,76,6.5,76,991.03,0,4,3,1,3
36,48,3.5,11,1024.92,10,3,5.5,2,0
-3,69,3,53,984.63,1,4,3,1,3
-1,72,4.5,85,996.18,1,4,4,2,3
24,73,9.5,28,1019.73,4,0,7.5,1,1
25,74,5,14,1019.75,3,1,8.5,2,1
11,71,14,55,1013.49,1,0,2.5,2,2
13,95,13.5,71,1013.23,2,3,3,1,2
-4,83,10,53,983.46,0,4,2,1,3
-4,87,5.5,69,987.27,1,4,3.5,1,3
24,54,14.5,10,1017.7,1,1,5.5,0,1
31,56,7.5,35,1000.05,2,1,8,0,1
29,25,0.5,6,1017.11,8,3,10,1,0
42,45,7,17,1011,8,1,5.5,0,0
10,62,8.5,66,1006.25,1,0,3,0,2
29,53,8.5,9,1021.35,10,1,5,0,0
17,79,17.5,90,994.97,2,1,2,1,2
12,90,12.5,77,995.56,0,0,2,2,2
3,83,17,87,983.86,0,4,3.5,2,3
23,70,8,14,1013.84,4,0,8.5,0,1
29,49,8.5,9,1022.98,5,3,8.5,2,0
23,78,8,19,1001.22,2,4,7,0,1
-3,81,16,88,995.02,1,4,3,2,3
-3,103,10,102,981.12,13,4,2,1,3
28,60,15,51,1004.04,2,4,4.5,2,2
43,100,30,85,1011.72,10,3,1.5,1,2
11,78,6.5,96,1003.38,2,4,1.5,2,2
19,61,7,20,1009.29,2,4,6.5,1,1
22,32,9,10,1010.66,5,3,6.5,1,0
-2,73,8,75,992.77,1,4,3.5,1,3
22,46,9,14,1013.94,5,4,5.5,1,0
27,65,14,11,920.85,2,3,18.5,2,2
23,56,0.5,25,1002.33,1,1,5.5,1,1
28,63,2,29,1016.19,3,3,8,2,1
28,36,4.5,87,1194.17,13,0,2,2,0
14,67,19,65,1001.92,2,3,3.5,2,2
14,69,14.5,29,1018.81,2,3,9,0,1
21,57,2.5,45,1007.93,1,3,5.5,0,1
31,36,2.5,11,1021.73,7,4,6,0,0
19,83,11.5,95,1011.46,0,1,4.5,0,2
30,69,6.5,3,1021.29,9,1,9,0,0
36,22,0,3,1012.66,10,0,9,1,0
12,77,19.5,85,1019.09,2,3,12.5,1,0
-7,90,1,83,982.11,0,4,4,2,3
-7,61,2.5,99,994.34,1,4,2.5,1,3
40,108,13,81,1010.74,11,1,12.5,0,0
-9,60,12,75,989.71,1,4,3.5,1,3
32,54,11,46,1009.87,2,0,7,1,1
3,92,3.5,70,991.08,1,4,4,1,3
39,49,2.5,17,1024.35,10,0,7.5,2,0
16,57,1.5,27,1009.43,4,0,7,2,1
32,72,0.5,41,1011.26,3,4,7,0,1
-6,96,19.5,61,986.79,0,4,3.5,1,3
25,23,4.5,13,1014.45,11,1,6.5,1,0
41,60,8.5,3,1017.13,11,1,9.5,0,0
28,53,8,16,1016.17,6,1,9,0,0
19,73,19,90,1005.43,0,1,1.5,2,2
16,85,9.5,65,1014.99,2,1,2,2,2
40,69,7.5,14,1018.3,6,3,6.5,2,0
22,97,18,99,1018.33,0,3,4.5,0,2
17,65,4.5,21,1011.56,3,3,6,1,1
20,87,12.5,90,995.59,2,3,2.5,0,2
0,69,14,17,862.77,3,3,14,2,0
15,71,1,18,1016.26,1,0,5,1,1
24,52,7,6,1025.06,7,1,6,0,0
27,78,8,21,1019.21,2,3,6.5,0,1
3,71,4.5,81,982.78,1,4,2,2,3
41,49,0.5,39,993.92,2,0,17.5,2,2
25,96,14.5,71,993.5,2,1,3.5,0,2
22,86,17,65,1018.21,0,4,1,0,2
2,77,6.5,75,998,0,4,3,2,3
29,91,17,52,1018.71,1,3,4,0,2
20,85,12.5,77,1008.58,1,4,4,2,2
22,74,18.5,106,990.13,9,3,0.5,0,2
33,60,9.5,48,1011.45,1,4,6.5,1,1
13,67,12.5,11,1157.23,4,3,5.5,0,2
0,60,17.5,57,991.36,0,4,1,2,3
33,24,6.5,4,1026.87,11,4,6.5,2,0
-5,73,6.5,90,986.96,1,4,4,2,3
33,69,5,81,994.68,12,3,16.5,1,3
10,97,6,94,1002.36,0,3,4.5,2,2
-10,88,13.5,61,987.5,1,4,4,1,3
-5,97,10,78,980.14,1,4,1.5,1,3
-7,99,21.5,88,990.26,14,4,1.5,1,3
14,94,11,63,1000.9,2,4,4,1,2
31,36,3.5,14,1024.93,6,3,6.5,2,0
-8,87,19.5,60,996.69,0,4,4,2,3
28,66,11.5,49,1017.46,4,1,8.5,2,1
21,83,7,86,1003.92,2,4,2.5,2,2
33,79,9.5,57,991.05,3,4,2,1,2
-7,62,14,59,982.97,0,4,3.5,2,3
42,84,13.5,93,1015.07,3,0,3.5,1,1
32,75,10.5,18,1006.73,2,3,7.5,1,1
38,63,3,8,1011.41,5,0,5.5,2,0
-6,74,30,81,983,8,4,4.5,2,3
76,93,15,106,1020.17,0,0,5.5,1,0
21,94,10,109,1027.71,11,0,9,2,0
-1,86,3,68,983.82,1,4,3.5,1,3
-3,75,1,15,802.47,8,3,10,1,1
-1,99,1,97,985.98,1,4,3,2,3
15,24,10,23,1050.64,5,1,7.5,2,0
16,63,8,14,1016.32,1,1,5.5,1,1
32,61,6,97,1000.84,0,0,3,1,2
19,72,11.5,38,1008.95,3,0,7,2,1
43,61,6.5,19,1025.04,7,1,7.5,2,0
2,96,5,80,980.01,0,4,2,1,3
75,82,10,86,1026.77,3,0,3,0,0
23,51,2.5,1,1018.72,9,4,5.5,2,0
-5,83,11,69,980.93,0,4,3.5,1,3
20,50,14,33,1002.48,3,3,5,0,1
33,84,18.5,84,999.08,3,1,4.5,0,2
34,64,1,19,1018.24,1,1,5,0,1
22,94,18,84,997.96,1,1,2.5,2,2
37,54,4,16,1019.37,11,4,8,1,0
0,92,9,76,994.23,1,4,1.5,1,3
30,25,9.5,64,1022.32,3,4,12,0,3
18,58,2.5,18,1015.99,3,1,8.5,2,1
19,98,15,58,1009.68,1,0,2,1,2
24,73,8.5,36,1012.84,3,1,6.5,2,1
33,74,5.5,93,993.4,1,3,4.5,2,2
26,86,15,91,1015.42,0,0,3.5,1,1
14,61,8.5,54,1015.06,3,3,4,1,2
34,62,15,93,991.93,0,4,2,0,2
11,73,19,82,993.96,1,4,2,2,2
23,35,6.5,17,1015,11,3,6,2,0
14,71,5.5,32,1011.82,1,4,6,1,1
21,62,5,19,1028.38,7,0,9.5,0,0
14,60,11,91,1005.43,0,4,4,1,2
2,97,9.5,77,992.75,11,4,5,1,3
13,70,6,71,1012.66,6,0,9.5,0,1
-4,54,13,52,1167.29,10,0,11.5,1,1
-4,80,17.5,74,985.36,1,4,3,2,3
80,76,3,93,1014.26,13,4,3,1,0
23,56,0.5,18,1019.95,3,0,6.5,1,1
15,79,7.5,39,1018.48,1,4,9,0,1
44,105,3,86,1015.64,9,4,7.5,2,0
-2,67,13,91,994.16,1,4,1,2,3
11,61,10.5,40,1016.91,1,4,7,1,1
36,22,1,0,1028.63,10,1,5.5,2,0
23,89,15.5,100,1021.18,13,4,3.5,0,0
30,73,5,46,918.44,7,4,17.5,1,3
18,75,12.5,82,1019.98,0,1,3.5,2,2
-5,94,26.5,80,992.67,14,4,4.5,1,3
-8,87,19.5,50,985.39,0,4,2.5,1,3
22,59,1.5,46,1010.83,2,4,8.5,0,1
23,77,9.5,35,1005.71,2,3,6.5,2,1
-17,53,6.5,58,922.89,12,0,8.5,1,0
13,68,0,18,1005.92,2,3,8,1,1
1,92,11,80,999.17,0,4,4,2,3
19,55,12,14,1006.19,4,0,6,1,1
18,54,13.5,43,1014.61,2,4,7.5,2,1
28,76,11.5,44,1016.96,4,3,6,0,1
44,67,10.5,54,1098.98,5,0,10.5,2,3
-10,93,10.5,64,997.09,1,4,2,1,3
27,93,6.5,80,1002.11,3,3,1.5,2,2
15,66,7,94,871.72,5,4,19.5,2,0
27,89,8,85,1018.88,5,0,9,0,0
20,63,20,55,1017.9,3,1,1,1,2
-9,61,13,54,992.24,1,4,1.5,1,3
22,80,13.5,75,1019.13,0,1,2.5,2,2
97,91,18.5,106,1016.87,1,1,7,0,0
10,87,12.5,57,993.1,3,4,5,0,2
24,58,13.5,48,1012.86,1,4,6,2,1
18,20,6,15,1011.2,12,4,20,0,0
21,62,4,39,1018.4,4,0,6,0,1
22,69,6.5,61,1009.33,2,3,2.5,0,2
36,29,4,12,1017.28,7,4,7,0,0
-8,64,10,91,993.1,1,4,4.5,2,3
29,66,12.5,58,1012.16,0,4,5,1,2
13,55,9.5,36,1005.56,3,1,8.5,0,1
-3,82,0,65,991.66,0,4,1.5,1,3
-6,66,7,95,992.79,0,4,3,1,3
-5,90,19.5,87,983.95,1,4,4.5,2,3
15,55,14,11,1009.66,2,4,7.5,0,1
17,76,18,54,1001.43,2,3,5,2,2
19,77,13,99,1012.63,6,0,3.5,1,0
30,63,0.5,8,1025.08,5,1,6.5,1,0
28,70,8,14,1019.09,3,0,5.5,2,1
28,77,7,55,1022.93,11,1,19.5,0,3
27,40,5.5,7,1025.16,11,1,6,0,0
1,21,8.5,27,874.59,0,4,4,2,1
30,67,1,43,1007.76,1,3,8.5,2,1
10,68,4.5,11,1000.84,2,1,8,2,1
21,50,0,9,1011.39,7,1,6.5,0,0
22,31,8,15,1010.66,7,3,7.5,2,0
2,61,16.5,63,995.74,0,4,1,1,3
27,24,6.5,4,1028.18,8,3,5.5,1,0
40,34,4,16,1028.69,9,3,10,2,0
-8,92,19,94,988.29,1,4,4,2,3
-3,86,15.5,87,987.77,0,4,3,1,3
26,50,10,9,1028.41,10,1,5,1,0
29,51,11.5,14,1016.46,3,4,5,0,1
41,85,10,99,1020.65,0,1,4.5,0,0
20,65,10,42,1080.21,10,3,17,0,3
23,21,7.5,18,1016.76,8,1,9,0,0
25,67,1.5,28,1016.65,2,0,8.5,2,1
32,67,12.5,36,1004.28,3,0,6,2,1
-8,72,7,77,990.53,0,4,3,1,3
18,63,5,24,1005.59,4,4,8,1,1
35,29,9,20,1092.51,7,3,16,1,1
-13,76,38.5,70,983.55,8,4,3,2,3
22,51,7,27,1014.24,3,3,5,1,1
-4,73,3,61,996.62,0,4,4,1,3
25,47,5,10,1026.95,6,4,10,0,0
-2,62,18.5,52,993,1,4,2.5,2,3
0,99,6,50,997.84,1,4,3,1,3
45,88,38.5,77,1009.72,13,0,2.5,1,2
34,34,6,4,1016.75,7,3,8.5,1,0
12,77,4,45,1008.41,4,0,8.5,1,1
15,97,23,91,1009.36,13,4,2.5,2,2
-6,72,36,92,980.76,0,4,2.5,2,3
29,33,5.5,17,1022.56,6,1,6,2,0
-6,64,18.5,85,995.3,1,4,1.5,1,3
2,75,6,79,995.75,0,4,2,2,3
29,68,8,11,1010.09,6,1,9.5,2,0
46,44,5,19,869.11,5,0,6,2,1
43,37,7.5,97,1199.21,3,0,12.5,2,3
-4,88,13,99,987.66,0,4,2,2,3
19,83,0,97,1008.02,5,1,0.5,1,1
21,75,7.5,84,1013.39,1,0,2.5,2,2
42,55,8,12,1019.58,6,0,8.5,2,0
16,77,13,88,1004.43,2,4,4.5,0,2
75,104,5.5,87,1011.7,6,1,13,0,0
33,76,17.5,89,1008.15,0,1,1,0,2
12,64,1.5,38,1018.65,3,0,5.5,2,1
2,74,14,59,980.99,0,4,1.5,2,3
-1,63,2,92,994.93,0,4,4.5,1,3
-1,98,6.5,96,990.82,1,4,4.5,2,3
15,59,15,17,1004.33,2,1,7.5,2,1
29,71,16,86,1007.09,1,1,2,2,2
2,52,6,99,972.31,6,4,18.5,2,3
0,99,14.5,61,987.33,0,4,3.5,1,3
26,42,7,15,1026.06,11,3,10,0,0
-9,98,3,75,998.11,0,4,1.5,2,3
30,71,10.5,22,1007.99,3,0,8.5,0,1
33,79,9,57,996.99,3,4,1.5,2,2
34,84,27,89,1016.01,10,3,0.5,1,2
24,68,9.5,77,1002,1,3,3.5,0,2
1,88,2.5,70,998.54,1,4,2,2,3
41,40,0.5,8,1014.01,8,4,8,1,0
34,53,12.5,46,1019.99,2,3,7.5,2,1
23,75,14.5,74,1013.33,3,4,1.5,0,2
27,85,6,77,997.73,1,1,4,0,2
22,98,11,96,1008.34,0,3,4,1,2
43,60,3.5,4,1016,8,0,5,0,0
21,76,7,92,1018.18,3,0,1,1,2
17,66,15.5,95,1014.99,2,3,2.5,0,2
5,43,4,76,1020.93,6,4,3,0,1
-3,76,11.5,72,986.06,0,4,3.5,2,3
17,77,3,41,1006.91,1,4,8.5,0,1
13,75,7,16,1017.22,4,4,6,2,1
18,70,4,93,969.49,11,4,10,1,2
-7,96,16.5,50,993.55,0,4,5,1,3
17,60,2.5,48,1014.64,4,0,8,1,1
-1,66,15,56,988.43,0,4,1.5,1,3
39,31,6.5,10,1021.12,7,3,8.5,2,0
24,42,8,15,1013.56,8,3,10,0,0
-10,80,17,84,980.93,1,4,2.5,2,3
1,77,18.5,55,991.04,1,4,5,2,3
24,57,3,0,1024.39,7,0,6,2,0
32,40,3,29,1035.69,9,1,8,2,3
-10,87,15.5,63,985.52,1,4,2.5,2,3
24,45,1.5,22,1035.56,6,3,19.5,0,2
33,95,6.5,75,1007.64,2,0,4.5,2,2
10,66,8.5,27,1005.36,4,1,5.5,1,1
-1,99,4,91,996.57,0,4,4,2,3
23,72,7,90,991.3,1,4,1,0,2
26,56,3.5,1,1017.04,10,3,8,2,0
24,74,9.5,40,1007.32,2,3,8.5,0,1
-5,72,1.5,67,988.44,1,4,3,2,3
33,62,5,46,1017.42,1,3,6.5,0,1
26,71,8,54,821.83,4,3,11,0,3
21,67,6,40,1014.39,3,3,6.5,0,1
-4,95,3.5,77,987.8,0,4,3,2,3
11,93,10,63,1007.74,3,3,5,2,2
10,52,8.5,32,1003.38,3,3,5.5,2,1
15,96,10.5,84,1005.29,1,0,4.5,1,2
33,77,1,22,1018.78,4,4,8.5,2,1
12,78,5.5,39,1013.61,2,4,8.5,0,1
13,21,10,84,1064.61,0,3,1.5,2,3
-1,91,11,56,999.07,0,4,2.5,2,3
25,30,6,13,1020.63,7,0,10,1,0
0,80,13,84,980.45,1,4,3,1,3
54,98,16.5,89,1008.89,2,3,7,1,1
23,26,8.5,9,1026.74,9,3,7.5,0,0
-8,72,15.5,89,995.47,1,4,4.5,2,3
-8,85,14,83,981.36,1,4,1.5,1,3
11,73,2,70,1005.91,9,4,4,0,1
60,80,30,96,1012.37,0,0,1,2,1
33,67,13,32,1000.83,1,3,6,2,1
-18,55,11.5,43,1051.41,6,4,10.5,1,2
25,76,9.5,12,1018.46,1,0,7,1,1
4,97,18,58,980.6,0,4,1,2,3
11,89,15,53,1010.86,2,1,1,2,2
62,73,18,98,1012.04,0,4,8,0,0
40,100,23,106,1000.09,10,4,8,0,1
8,54,10.5,86,1198.41,9,3,11.5,1,0
24,21,3.5,8,1018.88,8,4,5.5,0,0
-5,34,14.5,91,1125.08,6,0,2.5,2,3
41,29,8,17,1011.53,11,0,10,1,0
64,104,3,103,1024.08,4,0,3.5,0,0
34,54,14,19,1001.59,3,1,7.5,0,1
-4,23,12.5,67,934.44,8,3,7.5,1,0
14,55,8.5,44,1019.66,4,1,8.5,2,1
27,77,4,72,1017.48,4,0,1,1,1
31,57,5,7,1018.43,11,0,6,2,0
21,69,9.5,68,1003.94,3,0,2.5,0,2
14,83,16.5,79,1014.83,3,0,4,1,2
37,34,4.5,18,1010.87,11,3,8.5,2,0
32,52,6,48,1011.65,2,3,6,0,1
27,64,11.5,37,1017.27,3,3,8,0,1
34,65,20,56,1019.24,3,0,3.5,0,2
15,82,14.5,91,993.37,1,4,1,1,2
36,57,6,7,1029.06,8,4,10,1,0
10,62,8,26,1000.52,1,4,5.5,2,1
14,50,8,14,1011.71,4,3,8.5,0,1
26,59,9.5,12,1003.17,2,4,7.5,1,1
19,81,15,69,1018.7,2,3,4,2,2
-6,66,8.5,65,981.73,0,4,4,2,3
39,49,3.5,4,1019.35,5,4,9,2,0
11,39,14.5,29,913.44,9,3,9.5,1,0
17,65,7,64,1004.05,0,0,4,2,2
0,87,13.5,81,993.35,5,4,2.5,1,3
35,55,9,9,1012.58,9,1,8,1,0
23,39,4.5,16,1012.06,11,1,7.5,2,0
-5,34,2,34,1061.53,11,4,17,0,3
35,50,8.5,11,1016.88,10,1,10,0,0
42,46,5,18,1017.18,8,3,8.5,2,0
26,63,11,46,1018.23,1,1,7.5,1,1
51,74,12,84,1022.87,1,4,4.5,2,0
20,57,6.5,35,1008.55,3,3,7.5,2,1
26,60,12,51,1016.22,0,4,3.5,0,2
-2,73,8,96,991.39,0,4,2,2,3
37,64,8.5,15,1014.54,9,0,7,0,0
32,64,1.5,25,1008.27,4,4,7.5,2,1
-5,101,13,88,995.6,6,4,0.5,1,3
12,76,7,62,999.25,2,3,3,1,2
24,61,14.5,31,1008.44,3,4,6,2,1
30,74,28,86,1012.81,9,1,2,2,1
22,65,7,9,1025.95,6,0,7.5,0,0
34,70,4.5,13,1015.61,1,3,8,0,1
-3,80,11,52,982.1,0,4,2,1,3
31,93,14,57,999.22,2,1,3,2,2
25,84,26.5,84,1019.32,0,3,0,2,2
31,91,29.5,104,995.61,8,1,4.5,1,2
-8,75,7.5,58,993.83,0,4,1.5,2,3
12,65,5,33,1160.85,12,3,18.5,0,0
33,58,0.5,7,1010.95,6,3,6,0,0
30,107,6,75,1016.39,6,4,0.5,1,1
63,72,13.5,80,998.96,14,3,0.5,2,2
0,90,13.5,94,988.26,1,4,3.5,1,3
22,47,0.5,3,1018.52,11,1,9.5,2,0
25,68,4,32,1009.22,2,1,5.5,0,1
-7,39,12,10,808.76,4,0,4,1,1
23,75,16.5,86,1017.64,2,4,1.5,1,2
14,109,12,88,1009.43,1,1,8.5,2,1
27,58,14.5,13,1016.87,4,1,7.5,2,1
14,53,2,30,1012.15,1,3,8.5,1,1
-16,97,31,79,986.16,13,4,1.5,1,3
39,26,7,3,1010.1,6,4,6,2,0
34,53,0,0,1019.78,5,0,9.5,1,0
29,52,2,14,1017.75,4,4,6.5,1,1
81,75,0.5,89,1018.76,13,3,9,2,0
-5,83,19,89,994.15,1,4,3,2,3
35,48,2.5,16,1015.9,5,3,7,2,0
23,53,0,17,1010.59,4,0,8.5,2,1
33,94,13.5,67,997.77,3,0,4.5,0,2
34,76,19.5,93,1010.88,7,1,4.5,0,0
28,70,9.5,95,1019.02,2,0,1.5,2,2
25,77,8.5,13,1019.95,3,1,8.5,2,1
20,47,9.5,6,1011.52,10,0,9,1,0
35,33,5.5,0,1014.3,9,3,10,1,0
44,58,4.5,8,1013.19,9,1,9.5,2,0
13,54,3,20,1015.07,4,3,7,0,1
47,102,13,84,1008.26,3,3,4.5,0,1
-7,82,4.5,90,999.26,0,4,2.5,1,3
27,30,9,14,1013.51,6,1,6.5,0,0
-7,98,17.5,60,981.02,1,4,3,1,3
25,68,0,37,1008.06,2,4,7.5,2,1
-5,96,10,63,992.38,0,4,2,1,3
17,90,12.5,107,1015.25,3,1,8,0,1
21,77,15,75,1002.98,3,3,2.5,0,2
31,36,5.5,19,1015.03,9,3,8.5,2,0
16,67,6.5,30,1011.71,4,1,6,1,1
20,69,11,81,994.22,2,0,3,2,2
2,56,8.5,59,879.52,11,4,9,0,3
25,74,11.5,42,1005.83,4,0,7.5,1,1
14,106,12.5,89,1027.13,5,1,7.5,0,0
-6,87,13.5,68,990.99,0,4,4.5,2,3
16,94,12.5,86,1017.94,0,4,1.5,1,2
26,62,2,1,1010.26,10,1,5.5,0,0
1,71,11,66,990.72,1,4,2,1,3
15,90,11,57,1012.32,3,4,5,0,2
11,89,6.5,56,998.4,1,3,3.5,0,2
26,90,26,88,998.97,4,1,2.5,0,2
42,37,9.5,2,1013.47,9,4,8.5,1,0
14,63,11.5,75,990.24,3,0,1.5,2,2
11,85,16.5,92,998.54,2,4,5,2,2
0,62,9,55,989.6,1,4,2.5,2,3
30,62,8.5,18,1009.95,3,3,8,2,1
-5,60,2.5,94,983.45,0,4,4.5,2,3
32,73,11,106,1006.94,9,0,3.5,2,1
-1,72,0,54,984.01,0,4,3.5,2,3
13,98,19.5,85,1014.82,1,1,1.5,0,2
48,103,21,92,1013.95,8,1,2.5,1,1
-3,89,16,83,991.08,0,4,2,2,3
28,65,6.5,44,1016.96,3,3,5,1,1
21,60,2.5,2,1018.96,10,0,6.5,1,0
-3,102,45,107,983.34,6,4,5.5,2,3
37,62,3,18,1022.64,10,4,9,0,0
3,109,4.5,85,980.54,8,4,2,1,3
35,47,10,8,1010.17,7,1,9.5,2,0
7,27,7.5,74,814.28,3,0,5,1,1
21,28,7.5,14,1015.26,10,1,5.5,1,0
20,99,7,74,1008.48,3,4,4.5,2,2
23,77,14,21,1017.52,2,1,8,2,1
-11,72,18.5,93,980.92,11,4,3.5,1,3
-10,106,34,100,994.07,1,4,2,2,3
34,68,7,39,1008.96,1,1,8.5,2,1
34,26,7,15,1029.31,10,0,5.5,0,0
29,77,4,39,1007.58,2,0,7.5,2,1
31,52,12.5,22,1019.28,3,4,8,2,1
31,62,4.5,6,1025.65,7,0,7,2,0
23,66,7.5,35,1011.68,1,1,6.5,2,1
46,38,8,39,804.35,10,4,14,1,0
48,38,7.5,20,1098.43,3,0,10.5,0,1
-3,90,34.5,76,991.35,8,4,5,1,3
34,62,4,37,1007.04,3,3,7,1,1
28,96,15.5,71,1008.96,2,4,1,0,2
-9,64,13.5,89,997.55,1,4,3,1,3
19,87,13,99,1027.24,13,1,4.5,2,0
27,37,6.5,4,1014.6,10,4,6.5,2,0
-4,94,20,60,997.5,0,4,2.5,2,3
22,64,8.5,0,1011.35,9,1,8.5,2,0
63,70,22.5,81,1015.23,2,1,8.5,2,1
0,66,17,72,986.7,0,4,4,1,3
35,68,1.5,9,1013.93,7,0,9.5,0,0
-10,64,2,81,980.73,0,4,4,2,3
20,58,7.5,2,1011.32,10,3,6,2,0
63,76,7,82,1019.46,13,1,1.5,1,1
4,66,5,50,987.06,1,4,3,1,3
28,77,8,76,1082.17,11,4,2,2,3
-8,88,5,97,985.16,0,4,3,2,3
31,90,7.5,99,996.82,3,1,4.5,2,2
3,74,15.5,92,981.7,1,4,1.5,2,3
13,75,9,58,1000.52,1,1,3,1,2
23,49,9.5,14,1010.68,10,4,5,2,0
63,84,8,105,1020.26,14,4,4.5,1,0
-19,72,1,50,1162.98,12,0,18.5,2,0
28,96,7,94,992.97,1,0,1.5,0,2
31,59,2,1,1013.86,10,1,10,2,0
27,51,11,12,1012.95,4,3,5.5,0,1
0,63,3.5,87,996.26,0,4,1.5,1,3
32,97,15.5,107,1012.75,10,0,3,0,0
-19,93,7.5,103,994.04,14,4,2,2,3
-3,89,13,88,990.17,0,4,3.5,2,3
-11,69,14,52,1094.52,4,4,9,0,3
44,51,10,1,1023.57,7,3,6.5,0,0
-10,43,10,78,1169.09,11,3,8.5,0,1
-9,91,18,97,980.52,0,4,4.5,2,3
13,97,8.5,96,1017.24,3,3,3.5,0,2
28,92,9,54,990.18,2,1,1.5,1,2
22,91,13,92,1008.56,1,0,1.5,1,2
2,81,20,89,991.62,7,4,0.5,1,3
12,76,6.5,47,1011.37,2,0,6.5,2,1
32,78,6,83,1011.9,2,3,3.5,1,2
27,78,7,42,1006.6,2,3,7,1,1
23,74,13,88,1011.64,0,3,1.5,1,2
27,65,13,83,1002.82,0,4,5,0,2
-1,96,21.5,91,988.78,1,4,1,2,3
42,74,29.5,101,1016.15,7,4,8,0,1
44,62,9,19,1019.09,9,3,8.5,0,0
2,96,3.5,76,981.84,1,4,1.5,1,3
-9,36,5,69,899.5,14,0,7,2,2
28,68,12,19,1018.34,3,0,5.5,1,1
40,59,1.5,12,1019.86,9,0,9,0,0
12,30,5,87,881.86,1,4,18,2,3
17,71,3,74,1011.53,13,3,6,2,1
-15,105,3,103,993.75,8,4,2.5,1,3
-5,63,1.5,72,988.94,0,4,4,2,3
13,83,5,90,1004.96,1,0,1.5,2,2
3,95,10,67,988.8,1,4,4.5,2,3
12,71,5.5,10,1001.65,1,3,6,0,1
-9,67,16,77,994.52,1,4,4,2,3
-5,40,2.5,15,1122.53,0,3,5.5,2,1
41,55,3.5,6,1029.72,10,3,5.5,0,0
-7,89,11.5,96,998.5,1,4,4,1,3
2,81,13.5,57,983.36,1,4,4,1,3
-2,60,8,53,991.24,0,4,2,2,3
4,66,12,81,990.95,1,4,3.5,2,3
26,88,13.5,103,1011.27,4,1,2,0,2
-7,69,4,89,985.7,1,4,4,2,3
20,58,7,30,1000.77,3,0,8,1,1
28,76,0.5,16,1018.62,4,1,7.5,1,1
34,52,8.5,10,1015.91,9,0,5.5,1,0
-2,72,28,89,987.03,1,4,1.5,2,3
5,83,30.5,96,991.86,13,4,1.5,1,3
31,22,3,12,1026.64,11,4,8,0,0
14,55,7.5,35,1018.43,3,4,6.5,0,1
11,89,13.5,73,1012.51,3,1,1.5,2,2
31,96,9,81,1019.95,2,0,3.5,1,2
41,43,0.5,3,1018.47,10,3,8,1,0
-10,25,11,96,803.02,8,0,4,2,1
25,68,15,32,1004.28,3,1,7,1,1
11,67,8,70,992.14,3,1,3,2,2
32,73,9.5,39,1008,3,4,7.5,1,1
18,52,9.5,48,1005.34,3,3,7,1,1
20,70,10,31,1001.78,1,4,7,0,1
24,25,3,91,1088.91,13,0,4.5,1,1
1,80,0,71,995.74,1,4,5,1,3
-5,78,13,57,985.88,1,4,3.5,1,3
-3,88,19.5,53,995.84,1,4,4,2,3
0,90,14.5,90,993.79,0,4,3,1,3
28,66,4,5,1018.89,7,1,9,0,0
11,63,7.5,90,1004.18,0,1,2,0,2
-10,86,1,98,982.12,1,4,3,1,3
17,56,13.5,17,1017.46,2,3,7.5,2,1
20,75,14.5,82,993.42,1,3,4,1,2
-8,97,17,92,982.59,1,4,4,2,3
19,61,13.5,22,1008.57,3,0,8,1,1
10,74,1.5,23,1006.47,4,4,9,1,1
29,58,0,28,1007.84,3,0,6,2,1
-9,98,2.5,61,994.1,1,4,2,1,3
37,33,11.5,87,1117.03,7,3,18.5,1,1
-2,65,15.5,73,996.68,0,4,1.5,1,3
-6,64,6.5,51,989.29,1,4,4,1,3
19,77,9,71,997.53,0,1,2,2,2
11,53,9.5,31,1019.37,3,4,7.5,2,1
17,67,5.5,38,1013.81,3,1,8.5,0,1
34,65,10.5,45,1005.25,2,3,7.5,0,1
23,89,17.5,95,1017.57,5,3,0.5,1,2
0,77,35.5,90,984.93,6,4,3.5,1,3
0,84,14,61,993,0,4,1.5,1,3
-17,102,27,107,985.77,7,4,2.5,1,3
-9,70,13.5,58,981.43,0,4,2.5,2,3
21,56,12.5,16,1007.62,3,1,6,0,1
-5,72,10.5,79,989.11,6,4,1.5,2,3
26,23,3,13,1014.87,5,1,7.5,0,0
2,85,17,70,982.02,1,4,5,2,3
63,86,13,75,1027.31,14,1,2.5,0,0
28,99,11,82,1008.11,3,3,4.5,0,2
20,50,13,41,1000.04,4,3,6.5,0,1
26,64,2.5,26,1004.98,4,1,7.5,2,1
24,64,8,4,1026,7,1,7,1,0
-3,87,15.5,61,997.25,0,4,4,2,3
2,86,11.5,64,999.36,1,4,2.5,2,3
28,45,7.5,1,1019.2,9,0,5,1,0
-5,76,15,73,997.76,1,4,3.5,1,3
28,78,3.5,61,898.87,10,4,1.5,0,2
1,93,10,65,999.33,1,4,1,1,3
31,57,1.5,23,1007.31,2,4,7.5,2,1
28,84,37.5,105,1018.64,5,0,2,1,2
30,45,1.5,2,1022.46,10,1,8,0,0
30,26,6,6,1028.27,9,1,7.5,0,0
-7,88,13.5,91,989.51,0,4,4,1,3
20,108,20,92,998.37,1,1,5.5,0,2
10,72,7.5,17,1009.62,4,1,8,1,1
27,56,4.5,24,1004.61,4,4,9,1,1
33,77,17,54,1009.03,3,1,2,0,2
40,62,7,3,1012.75,7,3,6,1,0
11,98,14,61,999.12,3,4,1,2,2
-4,97,15,51,994.13,0,4,2,1,3
29,78,12.5,20,1016.25,4,4,7,1,1
12,96,7,50,1010.03,0,1,3.5,2,2
18,70,11.5,90,1005.8,14,1,4,1,2
42,49,1,6,1021.95,10,0,8,1,0
22,93,5.5,70,1014.93,0,4,3.5,2,2
29,75,11.5,14,1010.79,1,4,9,1,1
25,24,2.5,7,1014.93,6,4,6.5,2,0
14,35,5,96,988.1,13,1,10,2,3
1,52,13.5,18,829.86,14,0,6.5,0,1
34,70,5.5,65,1016.37,1,1,3.5,0,2
23,51,14,35,1008.02,2,0,5.5,1,1
20,81,32,87,999.54,12,1,1.5,2,2
23,109,12.5,81,1010.9,5,0,3,0,1
15,68,9,89,1006.18,3,3,3.5,0,2
25,99,20.5,90,1004.14,0,4,2.5,0,2
23,69,8.5,36,1015.73,1,1,9,0,1
17,25,4,12,975.85,5,3,12.5,2,0
1,98,2,81,980.59,0,4,2,1,3
50,92,13,101,1021.03,13,3,5,2,0
